name,ran_successfully,runtime,start_mem,max_mem,mode,commit_hash,datetime,fname
GIBBON_for_efficient_batch_entropy_search,True,17.15776381200004,114.22265625,601.78515625,smoke-test,68547512,2023-02-21 20:00:29.634413,smoke-test_68547512_2023-02-21 20:00:29.634413.csv
Multi_objective_multi_fidelity_BO,True,42.19136709500003,115.99609375,597.34765625,smoke-test,68547512,2023-02-21 20:00:29.634413,smoke-test_68547512_2023-02-21 20:00:29.634413.csv
batch_mode_cross_validation,True,3.0635181430000102,116.74609375,555.12109375,smoke-test,68547512,2023-02-21 20:00:29.634413,smoke-test_68547512_2023-02-21 20:00:29.634413.csv
bo_with_warped_gp,True,11.943523163000007,117.47265625,570.27734375,smoke-test,68547512,2023-02-21 20:00:29.634413,smoke-test_68547512_2023-02-21 20:00:29.634413.csv
bope,False,,,,smoke-test,68547512,2023-02-21 20:00:29.634413,smoke-test_68547512_2023-02-21 20:00:29.634413.csv
closed_loop_botorch_only,True,12.177325982000012,117.22265625,558.41796875,smoke-test,68547512,2023-02-21 20:00:29.634413,smoke-test_68547512_2023-02-21 20:00:29.634413.csv
compare_mc_analytic_acquisition,True,3.014592322999988,117.6875,531.33984375,smoke-test,68547512,2023-02-21 20:00:29.634413,smoke-test_68547512_2023-02-21 20:00:29.634413.csv
composite_bo_with_hogp,True,98.24042652599996,117.1875,1648.69921875,smoke-test,68547512,2023-02-21 20:00:29.634413,smoke-test_68547512_2023-02-21 20:00:29.634413.csv
composite_mtbo,True,53.40865495899993,117.1875,629.52734375,smoke-test,68547512,2023-02-21 20:00:29.634413,smoke-test_68547512_2023-02-21 20:00:29.634413.csv
constrained_multi_objective_bo,True,11.009975117000067,117.1875,566.97265625,smoke-test,68547512,2023-02-21 20:00:29.634413,smoke-test_68547512_2023-02-21 20:00:29.634413.csv
constraint_active_search,False,,,,smoke-test,68547512,2023-02-21 20:00:29.634413,smoke-test_68547512_2023-02-21 20:00:29.634413.csv
custom_acquisition,True,23.85581089799996,117.1875,915.46875,smoke-test,68547512,2023-02-21 20:00:29.634413,smoke-test_68547512_2023-02-21 20:00:29.634413.csv
custom_botorch_model_in_ax,True,6.467103584000029,117.87109375,989.25,smoke-test,68547512,2023-02-21 20:00:29.634413,smoke-test_68547512_2023-02-21 20:00:29.634413.csv
discrete_multi_fidelity_bo,True,33.97996250599999,118.28125,581.1484375,smoke-test,68547512,2023-02-21 20:00:29.634413,smoke-test_68547512_2023-02-21 20:00:29.634413.csv
fit_model_with_torch_optimizer,True,3.353521359999945,118.53125,558.73046875,smoke-test,68547512,2023-02-21 20:00:29.634413,smoke-test_68547512_2023-02-21 20:00:29.634413.csv
information_theoretic_acquisition_functions,True,166.17432274600003,120.359375,1705.15625,smoke-test,68547512,2023-02-21 20:00:29.634413,smoke-test_68547512_2023-02-21 20:00:29.634413.csv
max_value_entropy,True,9.26974312499999,120.359375,911.48828125,smoke-test,68547512,2023-02-21 20:00:29.634413,smoke-test_68547512_2023-02-21 20:00:29.634413.csv
meta_learning_with_rgpe,True,3.837322468000025,120.43359375,571.02734375,smoke-test,68547512,2023-02-21 20:00:29.634413,smoke-test_68547512_2023-02-21 20:00:29.634413.csv
multi_fidelity_bo,True,16.429990819000068,120.43359375,568.8046875,smoke-test,68547512,2023-02-21 20:00:29.634413,smoke-test_68547512_2023-02-21 20:00:29.634413.csv
multi_objective_bo,True,20.604424256000016,120.43359375,581.6328125,smoke-test,68547512,2023-02-21 20:00:29.634413,smoke-test_68547512_2023-02-21 20:00:29.634413.csv
one_shot_kg,True,5.976708374000054,120.43359375,545.0859375,smoke-test,68547512,2023-02-21 20:00:29.634413,smoke-test_68547512_2023-02-21 20:00:29.634413.csv
optimize_stochastic,True,3.0108841879999773,120.43359375,627.09375,smoke-test,68547512,2023-02-21 20:00:29.634413,smoke-test_68547512_2023-02-21 20:00:29.634413.csv
optimize_with_cmaes,True,4.213655931999938,120.43359375,556.45703125,smoke-test,68547512,2023-02-21 20:00:29.634413,smoke-test_68547512_2023-02-21 20:00:29.634413.csv
preference_bo,False,,,,smoke-test,68547512,2023-02-21 20:00:29.634413,smoke-test_68547512_2023-02-21 20:00:29.634413.csv
risk_averse_bo_with_environmental_variables,True,7.0059078049999925,120.43359375,599.8671875,smoke-test,68547512,2023-02-21 20:00:29.634413,smoke-test_68547512_2023-02-21 20:00:29.634413.csv
risk_averse_bo_with_input_perturbations,True,3.94404814500001,120.65625,724.43359375,smoke-test,68547512,2023-02-21 20:00:29.634413,smoke-test_68547512_2023-02-21 20:00:29.634413.csv
robust_multi_objective_bo,True,3.02982004799992,122.1015625,566.1875,smoke-test,68547512,2023-02-21 20:00:29.634413,smoke-test_68547512_2023-02-21 20:00:29.634413.csv
saasbo,False,,,,smoke-test,68547512,2023-02-21 20:00:29.634413,smoke-test_68547512_2023-02-21 20:00:29.634413.csv
scalable_constrained_bo,False,,,,smoke-test,68547512,2023-02-21 20:00:29.634413,smoke-test_68547512_2023-02-21 20:00:29.634413.csv
thompson_sampling,True,26.111892764000004,123.31640625,1126.30078125,smoke-test,68547512,2023-02-21 20:00:29.634413,smoke-test_68547512_2023-02-21 20:00:29.634413.csv
turbo_1,True,68.89612155800012,123.31640625,712.13671875,smoke-test,68547512,2023-02-21 20:00:29.634413,smoke-test_68547512_2023-02-21 20:00:29.634413.csv
vae_mnist,False,,,,smoke-test,68547512,2023-02-21 20:00:29.634413,smoke-test_68547512_2023-02-21 20:00:29.634413.csv
GIBBON_for_efficient_batch_entropy_search,True,16.478382996999983,114.26171875,621.796875,smoke-test,8db9c7bb,2023-02-22 03:08:53.257852,smoke-test_8db9c7bb_2023-02-22 03:08:53.257852.csv
Multi_objective_multi_fidelity_BO,True,74.082076446,115.765625,604.56640625,smoke-test,8db9c7bb,2023-02-22 03:08:53.257852,smoke-test_8db9c7bb_2023-02-22 03:08:53.257852.csv
batch_mode_cross_validation,True,4.161715844000014,116.5546875,553.18359375,smoke-test,8db9c7bb,2023-02-22 03:08:53.257852,smoke-test_8db9c7bb_2023-02-22 03:08:53.257852.csv
bo_with_warped_gp,True,17.669904150000036,117.4453125,557.8515625,smoke-test,8db9c7bb,2023-02-22 03:08:53.257852,smoke-test_8db9c7bb_2023-02-22 03:08:53.257852.csv
bope,False,,,,smoke-test,8db9c7bb,2023-02-22 03:08:53.257852,smoke-test_8db9c7bb_2023-02-22 03:08:53.257852.csv
closed_loop_botorch_only,True,15.234933395999974,117.4453125,551.5703125,smoke-test,8db9c7bb,2023-02-22 03:08:53.257852,smoke-test_8db9c7bb_2023-02-22 03:08:53.257852.csv
compare_mc_analytic_acquisition,True,4.952800692999972,117.4453125,531.17578125,smoke-test,8db9c7bb,2023-02-22 03:08:53.257852,smoke-test_8db9c7bb_2023-02-22 03:08:53.257852.csv
composite_bo_with_hogp,True,157.51377255,117.1953125,1684.58203125,smoke-test,8db9c7bb,2023-02-22 03:08:53.257852,smoke-test_8db9c7bb_2023-02-22 03:08:53.257852.csv
composite_mtbo,True,79.85187394100001,117.1953125,634.37109375,smoke-test,8db9c7bb,2023-02-22 03:08:53.257852,smoke-test_8db9c7bb_2023-02-22 03:08:53.257852.csv
constrained_multi_objective_bo,True,19.58191619699994,117.1953125,559.4453125,smoke-test,8db9c7bb,2023-02-22 03:08:53.257852,smoke-test_8db9c7bb_2023-02-22 03:08:53.257852.csv
constraint_active_search,False,,,,smoke-test,8db9c7bb,2023-02-22 03:08:53.257852,smoke-test_8db9c7bb_2023-02-22 03:08:53.257852.csv
custom_acquisition,True,34.644182984000054,117.1953125,922.8203125,smoke-test,8db9c7bb,2023-02-22 03:08:53.257852,smoke-test_8db9c7bb_2023-02-22 03:08:53.257852.csv
custom_botorch_model_in_ax,True,8.94533219799996,117.8046875,990.03125,smoke-test,8db9c7bb,2023-02-22 03:08:53.257852,smoke-test_8db9c7bb_2023-02-22 03:08:53.257852.csv
discrete_multi_fidelity_bo,True,64.192175712,118.0546875,579.3203125,smoke-test,8db9c7bb,2023-02-22 03:08:53.257852,smoke-test_8db9c7bb_2023-02-22 03:08:53.257852.csv
fit_model_with_torch_optimizer,True,4.609825075000003,118.296875,557.8671875,smoke-test,8db9c7bb,2023-02-22 03:08:53.257852,smoke-test_8db9c7bb_2023-02-22 03:08:53.257852.csv
information_theoretic_acquisition_functions,True,237.40983730100004,120.140625,1778.0390625,smoke-test,8db9c7bb,2023-02-22 03:08:53.257852,smoke-test_8db9c7bb_2023-02-22 03:08:53.257852.csv
max_value_entropy,True,13.215822724000075,120.140625,950.45703125,smoke-test,8db9c7bb,2023-02-22 03:08:53.257852,smoke-test_8db9c7bb_2023-02-22 03:08:53.257852.csv
meta_learning_with_rgpe,True,5.415671644999975,120.24609375,568.58984375,smoke-test,8db9c7bb,2023-02-22 03:08:53.257852,smoke-test_8db9c7bb_2023-02-22 03:08:53.257852.csv
multi_fidelity_bo,True,25.713774895999904,120.24609375,562.0859375,smoke-test,8db9c7bb,2023-02-22 03:08:53.257852,smoke-test_8db9c7bb_2023-02-22 03:08:53.257852.csv
multi_objective_bo,True,31.124170344999925,120.24609375,572.7734375,smoke-test,8db9c7bb,2023-02-22 03:08:53.257852,smoke-test_8db9c7bb_2023-02-22 03:08:53.257852.csv
one_shot_kg,True,9.068772696999986,120.24609375,545.4140625,smoke-test,8db9c7bb,2023-02-22 03:08:53.257852,smoke-test_8db9c7bb_2023-02-22 03:08:53.257852.csv
optimize_stochastic,True,4.390579360000174,120.24609375,544.19140625,smoke-test,8db9c7bb,2023-02-22 03:08:53.257852,smoke-test_8db9c7bb_2023-02-22 03:08:53.257852.csv
optimize_with_cmaes,True,5.278443374000062,120.24609375,557.7890625,smoke-test,8db9c7bb,2023-02-22 03:08:53.257852,smoke-test_8db9c7bb_2023-02-22 03:08:53.257852.csv
preference_bo,False,,,,smoke-test,8db9c7bb,2023-02-22 03:08:53.257852,smoke-test_8db9c7bb_2023-02-22 03:08:53.257852.csv
risk_averse_bo_with_environmental_variables,True,9.252974001999974,120.24609375,590.73046875,smoke-test,8db9c7bb,2023-02-22 03:08:53.257852,smoke-test_8db9c7bb_2023-02-22 03:08:53.257852.csv
risk_averse_bo_with_input_perturbations,True,5.243008673000077,120.48046875,717.08984375,smoke-test,8db9c7bb,2023-02-22 03:08:53.257852,smoke-test_8db9c7bb_2023-02-22 03:08:53.257852.csv
robust_multi_objective_bo,True,4.184020338999972,121.77734375,566.76171875,smoke-test,8db9c7bb,2023-02-22 03:08:53.257852,smoke-test_8db9c7bb_2023-02-22 03:08:53.257852.csv
saasbo,False,,,,smoke-test,8db9c7bb,2023-02-22 03:08:53.257852,smoke-test_8db9c7bb_2023-02-22 03:08:53.257852.csv
scalable_constrained_bo,False,,,,smoke-test,8db9c7bb,2023-02-22 03:08:53.257852,smoke-test_8db9c7bb_2023-02-22 03:08:53.257852.csv
thompson_sampling,True,26.821906951000077,122.7421875,1105.16796875,smoke-test,8db9c7bb,2023-02-22 03:08:53.257852,smoke-test_8db9c7bb_2023-02-22 03:08:53.257852.csv
turbo_1,True,146.38045626300004,122.9921875,751.64453125,smoke-test,8db9c7bb,2023-02-22 03:08:53.257852,smoke-test_8db9c7bb_2023-02-22 03:08:53.257852.csv
vae_mnist,False,,,,smoke-test,8db9c7bb,2023-02-22 03:08:53.257852,smoke-test_8db9c7bb_2023-02-22 03:08:53.257852.csv
GIBBON_for_efficient_batch_entropy_search,True,20.05603548199997,113.87890625,629.5390625,smoke-test,52959e64,2023-02-22 21:46:29.434078,smoke-test_52959e64_2023-02-22 21:46:29.434078.csv
Multi_objective_multi_fidelity_BO,True,94.58936644699996,115.52734375,600.20703125,smoke-test,52959e64,2023-02-22 21:46:29.434078,smoke-test_52959e64_2023-02-22 21:46:29.434078.csv
batch_mode_cross_validation,True,5.246058032999997,116.0703125,552.1796875,smoke-test,52959e64,2023-02-22 21:46:29.434078,smoke-test_52959e64_2023-02-22 21:46:29.434078.csv
bo_with_warped_gp,True,24.238782713000035,116.8515625,556.80859375,smoke-test,52959e64,2023-02-22 21:46:29.434078,smoke-test_52959e64_2023-02-22 21:46:29.434078.csv
bope,False,,,,smoke-test,52959e64,2023-02-22 21:46:29.434078,smoke-test_52959e64_2023-02-22 21:46:29.434078.csv
closed_loop_botorch_only,True,21.112294746999964,116.8515625,550.36328125,smoke-test,52959e64,2023-02-22 21:46:29.434078,smoke-test_52959e64_2023-02-22 21:46:29.434078.csv
compare_mc_analytic_acquisition,True,5.870944228999974,117.06640625,529.76171875,smoke-test,52959e64,2023-02-22 21:46:29.434078,smoke-test_52959e64_2023-02-22 21:46:29.434078.csv
composite_bo_with_hogp,True,186.603932977,117.06640625,1592.48828125,smoke-test,52959e64,2023-02-22 21:46:29.434078,smoke-test_52959e64_2023-02-22 21:46:29.434078.csv
composite_mtbo,True,101.24289547300008,117.06640625,623.12890625,smoke-test,52959e64,2023-02-22 21:46:29.434078,smoke-test_52959e64_2023-02-22 21:46:29.434078.csv
constrained_multi_objective_bo,True,24.153183471000037,117.06640625,559.90625,smoke-test,52959e64,2023-02-22 21:46:29.434078,smoke-test_52959e64_2023-02-22 21:46:29.434078.csv
constraint_active_search,False,,,,smoke-test,52959e64,2023-02-22 21:46:29.434078,smoke-test_52959e64_2023-02-22 21:46:29.434078.csv
custom_acquisition,True,41.36393919300008,117.06640625,911.92578125,smoke-test,52959e64,2023-02-22 21:46:29.434078,smoke-test_52959e64_2023-02-22 21:46:29.434078.csv
custom_botorch_model_in_ax,True,10.699781529999996,117.65625,995.015625,smoke-test,52959e64,2023-02-22 21:46:29.434078,smoke-test_52959e64_2023-02-22 21:46:29.434078.csv
discrete_multi_fidelity_bo,True,101.66304338999998,117.65625,573.88671875,smoke-test,52959e64,2023-02-22 21:46:29.434078,smoke-test_52959e64_2023-02-22 21:46:29.434078.csv
fit_model_with_torch_optimizer,True,5.912259115999973,117.90625,558.1953125,smoke-test,52959e64,2023-02-22 21:46:29.434078,smoke-test_52959e64_2023-02-22 21:46:29.434078.csv
information_theoretic_acquisition_functions,True,294.099437608,119.7421875,1783.6171875,smoke-test,52959e64,2023-02-22 21:46:29.434078,smoke-test_52959e64_2023-02-22 21:46:29.434078.csv
max_value_entropy,True,15.557026781000104,119.7421875,954.70703125,smoke-test,52959e64,2023-02-22 21:46:29.434078,smoke-test_52959e64_2023-02-22 21:46:29.434078.csv
meta_learning_with_rgpe,True,6.643113560000074,119.8046875,570.68359375,smoke-test,52959e64,2023-02-22 21:46:29.434078,smoke-test_52959e64_2023-02-22 21:46:29.434078.csv
multi_fidelity_bo,True,29.69579465600009,119.8046875,561.15234375,smoke-test,52959e64,2023-02-22 21:46:29.434078,smoke-test_52959e64_2023-02-22 21:46:29.434078.csv
multi_objective_bo,True,37.28351315000009,119.8046875,571.9921875,smoke-test,52959e64,2023-02-22 21:46:29.434078,smoke-test_52959e64_2023-02-22 21:46:29.434078.csv
one_shot_kg,True,8.304168961999949,119.8046875,542.92578125,smoke-test,52959e64,2023-02-22 21:46:29.434078,smoke-test_52959e64_2023-02-22 21:46:29.434078.csv
optimize_stochastic,True,5.099830168000153,119.8046875,544.15625,smoke-test,52959e64,2023-02-22 21:46:29.434078,smoke-test_52959e64_2023-02-22 21:46:29.434078.csv
optimize_with_cmaes,True,6.817823374,119.8046875,557.30078125,smoke-test,52959e64,2023-02-22 21:46:29.434078,smoke-test_52959e64_2023-02-22 21:46:29.434078.csv
preference_bo,False,,,,smoke-test,52959e64,2023-02-22 21:46:29.434078,smoke-test_52959e64_2023-02-22 21:46:29.434078.csv
risk_averse_bo_with_environmental_variables,True,10.71536812599993,119.8046875,590.3515625,smoke-test,52959e64,2023-02-22 21:46:29.434078,smoke-test_52959e64_2023-02-22 21:46:29.434078.csv
risk_averse_bo_with_input_perturbations,True,6.351786832000016,120.03125,730.19921875,smoke-test,52959e64,2023-02-22 21:46:29.434078,smoke-test_52959e64_2023-02-22 21:46:29.434078.csv
robust_multi_objective_bo,True,5.200389644999859,121.484375,566.3203125,smoke-test,52959e64,2023-02-22 21:46:29.434078,smoke-test_52959e64_2023-02-22 21:46:29.434078.csv
saasbo,False,,,,smoke-test,52959e64,2023-02-22 21:46:29.434078,smoke-test_52959e64_2023-02-22 21:46:29.434078.csv
scalable_constrained_bo,False,,,,smoke-test,52959e64,2023-02-22 21:46:29.434078,smoke-test_52959e64_2023-02-22 21:46:29.434078.csv
thompson_sampling,True,33.216339541000025,122.44921875,1117.87109375,smoke-test,52959e64,2023-02-22 21:46:29.434078,smoke-test_52959e64_2023-02-22 21:46:29.434078.csv
turbo_1,True,188.46831385399992,122.69921875,743.12890625,smoke-test,52959e64,2023-02-22 21:46:29.434078,smoke-test_52959e64_2023-02-22 21:46:29.434078.csv
vae_mnist,False,,,,smoke-test,52959e64,2023-02-22 21:46:29.434078,smoke-test_52959e64_2023-02-22 21:46:29.434078.csv
GIBBON_for_efficient_batch_entropy_search,True,13.654865030999986,114.125,603.65625,smoke-test,5df2fab1,2023-02-23 20:21:36.360977,smoke-test_5df2fab1_2023-02-23 20:21:36.360977.csv
Multi_objective_multi_fidelity_BO,True,48.25453835799999,115.72265625,608.0234375,smoke-test,5df2fab1,2023-02-23 20:21:36.360977,smoke-test_5df2fab1_2023-02-23 20:21:36.360977.csv
batch_mode_cross_validation,True,3.4809925129999897,116.51171875,555.13671875,smoke-test,5df2fab1,2023-02-23 20:21:36.360977,smoke-test_5df2fab1_2023-02-23 20:21:36.360977.csv
bo_with_warped_gp,True,13.32997805599996,116.9765625,569.22265625,smoke-test,5df2fab1,2023-02-23 20:21:36.360977,smoke-test_5df2fab1_2023-02-23 20:21:36.360977.csv
bope,False,,,,smoke-test,5df2fab1,2023-02-23 20:21:36.360977,smoke-test_5df2fab1_2023-02-23 20:21:36.360977.csv
closed_loop_botorch_only,True,13.748893913000018,117.1875,558.1328125,smoke-test,5df2fab1,2023-02-23 20:21:36.360977,smoke-test_5df2fab1_2023-02-23 20:21:36.360977.csv
compare_mc_analytic_acquisition,True,4.81237901999998,117.4375,532.2734375,smoke-test,5df2fab1,2023-02-23 20:21:36.360977,smoke-test_5df2fab1_2023-02-23 20:21:36.360977.csv
composite_bo_with_hogp,True,45.971898539,117.1875,1182.58203125,smoke-test,5df2fab1,2023-02-23 20:21:36.360977,smoke-test_5df2fab1_2023-02-23 20:21:36.360977.csv
composite_mtbo,True,58.39294395000002,116.9375,638.453125,smoke-test,5df2fab1,2023-02-23 20:21:36.360977,smoke-test_5df2fab1_2023-02-23 20:21:36.360977.csv
constrained_multi_objective_bo,True,10.909848115999978,116.9375,564.83203125,smoke-test,5df2fab1,2023-02-23 20:21:36.360977,smoke-test_5df2fab1_2023-02-23 20:21:36.360977.csv
constraint_active_search,False,,,,smoke-test,5df2fab1,2023-02-23 20:21:36.360977,smoke-test_5df2fab1_2023-02-23 20:21:36.360977.csv
custom_acquisition,True,24.27202496999996,116.9375,914.1796875,smoke-test,5df2fab1,2023-02-23 20:21:36.360977,smoke-test_5df2fab1_2023-02-23 20:21:36.360977.csv
custom_botorch_model_in_ax,True,7.30743035200004,117.8359375,994.1484375,smoke-test,5df2fab1,2023-02-23 20:21:36.360977,smoke-test_5df2fab1_2023-02-23 20:21:36.360977.csv
discrete_multi_fidelity_bo,True,53.29343132000008,118.0625,622.28515625,smoke-test,5df2fab1,2023-02-23 20:21:36.360977,smoke-test_5df2fab1_2023-02-23 20:21:36.360977.csv
fit_model_with_torch_optimizer,True,3.860764148000044,118.1171875,555.89453125,smoke-test,5df2fab1,2023-02-23 20:21:36.360977,smoke-test_5df2fab1_2023-02-23 20:21:36.360977.csv
information_theoretic_acquisition_functions,True,187.56607722799995,120.08203125,1761.2421875,smoke-test,5df2fab1,2023-02-23 20:21:36.360977,smoke-test_5df2fab1_2023-02-23 20:21:36.360977.csv
max_value_entropy,True,10.053533550999989,120.08203125,897.6015625,smoke-test,5df2fab1,2023-02-23 20:21:36.360977,smoke-test_5df2fab1_2023-02-23 20:21:36.360977.csv
meta_learning_with_rgpe,True,4.353289260999986,120.26953125,575.68359375,smoke-test,5df2fab1,2023-02-23 20:21:36.360977,smoke-test_5df2fab1_2023-02-23 20:21:36.360977.csv
multi_fidelity_bo,True,18.467953814,120.26953125,568.7421875,smoke-test,5df2fab1,2023-02-23 20:21:36.360977,smoke-test_5df2fab1_2023-02-23 20:21:36.360977.csv
multi_objective_bo,True,19.11392908699997,120.26953125,579.55078125,smoke-test,5df2fab1,2023-02-23 20:21:36.360977,smoke-test_5df2fab1_2023-02-23 20:21:36.360977.csv
one_shot_kg,True,6.936636382000074,120.26953125,545.5546875,smoke-test,5df2fab1,2023-02-23 20:21:36.360977,smoke-test_5df2fab1_2023-02-23 20:21:36.360977.csv
optimize_stochastic,True,3.373978352999984,120.26953125,546.41015625,smoke-test,5df2fab1,2023-02-23 20:21:36.360977,smoke-test_5df2fab1_2023-02-23 20:21:36.360977.csv
optimize_with_cmaes,True,4.464058712999986,120.26953125,556.4375,smoke-test,5df2fab1,2023-02-23 20:21:36.360977,smoke-test_5df2fab1_2023-02-23 20:21:36.360977.csv
preference_bo,False,,,,smoke-test,5df2fab1,2023-02-23 20:21:36.360977,smoke-test_5df2fab1_2023-02-23 20:21:36.360977.csv
risk_averse_bo_with_environmental_variables,True,7.172205832000032,120.26953125,601.74609375,smoke-test,5df2fab1,2023-02-23 20:21:36.360977,smoke-test_5df2fab1_2023-02-23 20:21:36.360977.csv
risk_averse_bo_with_input_perturbations,True,4.074170069000047,120.39453125,719.12890625,smoke-test,5df2fab1,2023-02-23 20:21:36.360977,smoke-test_5df2fab1_2023-02-23 20:21:36.360977.csv
robust_multi_objective_bo,True,3.603604484000016,121.80859375,567.6796875,smoke-test,5df2fab1,2023-02-23 20:21:36.360977,smoke-test_5df2fab1_2023-02-23 20:21:36.360977.csv
saasbo,False,,,,smoke-test,5df2fab1,2023-02-23 20:21:36.360977,smoke-test_5df2fab1_2023-02-23 20:21:36.360977.csv
scalable_constrained_bo,False,,,,smoke-test,5df2fab1,2023-02-23 20:21:36.360977,smoke-test_5df2fab1_2023-02-23 20:21:36.360977.csv
thompson_sampling,True,20.82110204500009,122.76953125,1124.39453125,smoke-test,5df2fab1,2023-02-23 20:21:36.360977,smoke-test_5df2fab1_2023-02-23 20:21:36.360977.csv
turbo_1,True,79.72857754999995,123.01953125,706.73828125,smoke-test,5df2fab1,2023-02-23 20:21:36.360977,smoke-test_5df2fab1_2023-02-23 20:21:36.360977.csv
vae_mnist,False,,,,smoke-test,5df2fab1,2023-02-23 20:21:36.360977,smoke-test_5df2fab1_2023-02-23 20:21:36.360977.csv
GIBBON_for_efficient_batch_entropy_search,True,16.97412357799999,113.85546875,570.84765625,smoke-test,d935d10f,2023-02-24 03:08:48.262091,smoke-test_d935d10f_2023-02-24 03:08:48.262091.csv
Multi_objective_multi_fidelity_BO,True,75.86155513,115.2265625,593.74609375,smoke-test,d935d10f,2023-02-24 03:08:48.262091,smoke-test_d935d10f_2023-02-24 03:08:48.262091.csv
batch_mode_cross_validation,True,4.296921028999975,115.9765625,551.8828125,smoke-test,d935d10f,2023-02-24 03:08:48.262091,smoke-test_d935d10f_2023-02-24 03:08:48.262091.csv
bo_with_warped_gp,True,18.593060116999997,116.69921875,558.3046875,smoke-test,d935d10f,2023-02-24 03:08:48.262091,smoke-test_d935d10f_2023-02-24 03:08:48.262091.csv
bope,False,,,,smoke-test,d935d10f,2023-02-24 03:08:48.262091,smoke-test_d935d10f_2023-02-24 03:08:48.262091.csv
closed_loop_botorch_only,True,22.478763947000004,116.69921875,549.6640625,smoke-test,d935d10f,2023-02-24 03:08:48.262091,smoke-test_d935d10f_2023-02-24 03:08:48.262091.csv
compare_mc_analytic_acquisition,True,4.349670832000015,116.94921875,529.94140625,smoke-test,d935d10f,2023-02-24 03:08:48.262091,smoke-test_d935d10f_2023-02-24 03:08:48.262091.csv
composite_bo_with_hogp,True,71.66139849000001,116.44921875,1226.12890625,smoke-test,d935d10f,2023-02-24 03:08:48.262091,smoke-test_d935d10f_2023-02-24 03:08:48.262091.csv
composite_mtbo,True,80.713634319,116.44921875,635.2578125,smoke-test,d935d10f,2023-02-24 03:08:48.262091,smoke-test_d935d10f_2023-02-24 03:08:48.262091.csv
constrained_multi_objective_bo,True,17.856428488000006,116.44921875,559.4296875,smoke-test,d935d10f,2023-02-24 03:08:48.262091,smoke-test_d935d10f_2023-02-24 03:08:48.262091.csv
constraint_active_search,False,,,,smoke-test,d935d10f,2023-02-24 03:08:48.262091,smoke-test_d935d10f_2023-02-24 03:08:48.262091.csv
custom_acquisition,True,34.738765814999965,116.44921875,919.21875,smoke-test,d935d10f,2023-02-24 03:08:48.262091,smoke-test_d935d10f_2023-02-24 03:08:48.262091.csv
custom_botorch_model_in_ax,True,9.308495861000097,117.3515625,989.4921875,smoke-test,d935d10f,2023-02-24 03:08:48.262091,smoke-test_d935d10f_2023-02-24 03:08:48.262091.csv
discrete_multi_fidelity_bo,True,74.66324572899998,117.578125,572.23046875,smoke-test,d935d10f,2023-02-24 03:08:48.262091,smoke-test_d935d10f_2023-02-24 03:08:48.262091.csv
fit_model_with_torch_optimizer,True,4.721383455999899,117.64453125,559.01953125,smoke-test,d935d10f,2023-02-24 03:08:48.262091,smoke-test_d935d10f_2023-02-24 03:08:48.262091.csv
information_theoretic_acquisition_functions,True,243.919996823,119.609375,1792.11328125,smoke-test,d935d10f,2023-02-24 03:08:48.262091,smoke-test_d935d10f_2023-02-24 03:08:48.262091.csv
max_value_entropy,True,13.591979688999912,119.609375,936.66796875,smoke-test,d935d10f,2023-02-24 03:08:48.262091,smoke-test_d935d10f_2023-02-24 03:08:48.262091.csv
meta_learning_with_rgpe,True,5.610921501000007,119.84765625,568.4921875,smoke-test,d935d10f,2023-02-24 03:08:48.262091,smoke-test_d935d10f_2023-02-24 03:08:48.262091.csv
multi_fidelity_bo,True,25.23237932699999,119.84765625,558.6875,smoke-test,d935d10f,2023-02-24 03:08:48.262091,smoke-test_d935d10f_2023-02-24 03:08:48.262091.csv
multi_objective_bo,True,34.61393323200002,119.84765625,572.421875,smoke-test,d935d10f,2023-02-24 03:08:48.262091,smoke-test_d935d10f_2023-02-24 03:08:48.262091.csv
one_shot_kg,True,7.695593075000033,119.84765625,543.11328125,smoke-test,d935d10f,2023-02-24 03:08:48.262091,smoke-test_d935d10f_2023-02-24 03:08:48.262091.csv
optimize_stochastic,True,4.549665518999973,119.84765625,543.8046875,smoke-test,d935d10f,2023-02-24 03:08:48.262091,smoke-test_d935d10f_2023-02-24 03:08:48.262091.csv
optimize_with_cmaes,True,5.411201431000109,119.84765625,558.1953125,smoke-test,d935d10f,2023-02-24 03:08:48.262091,smoke-test_d935d10f_2023-02-24 03:08:48.262091.csv
preference_bo,False,,,,smoke-test,d935d10f,2023-02-24 03:08:48.262091,smoke-test_d935d10f_2023-02-24 03:08:48.262091.csv
risk_averse_bo_with_environmental_variables,True,8.035400471000003,119.84765625,589.05859375,smoke-test,d935d10f,2023-02-24 03:08:48.262091,smoke-test_d935d10f_2023-02-24 03:08:48.262091.csv
risk_averse_bo_with_input_perturbations,True,5.010752955999806,119.92578125,704.3203125,smoke-test,d935d10f,2023-02-24 03:08:48.262091,smoke-test_d935d10f_2023-02-24 03:08:48.262091.csv
robust_multi_objective_bo,True,4.4016894699998375,121.33203125,565.61328125,smoke-test,d935d10f,2023-02-24 03:08:48.262091,smoke-test_d935d10f_2023-02-24 03:08:48.262091.csv
saasbo,False,,,,smoke-test,d935d10f,2023-02-24 03:08:48.262091,smoke-test_d935d10f_2023-02-24 03:08:48.262091.csv
scalable_constrained_bo,False,,,,smoke-test,d935d10f,2023-02-24 03:08:48.262091,smoke-test_d935d10f_2023-02-24 03:08:48.262091.csv
thompson_sampling,True,24.800827024,122.54296875,1115.0,smoke-test,d935d10f,2023-02-24 03:08:48.262091,smoke-test_d935d10f_2023-02-24 03:08:48.262091.csv
turbo_1,True,149.8985957729999,122.54296875,740.08203125,smoke-test,d935d10f,2023-02-24 03:08:48.262091,smoke-test_d935d10f_2023-02-24 03:08:48.262091.csv
vae_mnist,False,,,,smoke-test,d935d10f,2023-02-24 03:08:48.262091,smoke-test_d935d10f_2023-02-24 03:08:48.262091.csv
GIBBON_for_efficient_batch_entropy_search,True,13.871246301000042,114.109375,627.421875,smoke-test,7e9fb1b8,2023-02-24 03:57:39.084018,smoke-test_7e9fb1b8_2023-02-24 03:57:39.084018.csv
Multi_objective_multi_fidelity_BO,True,48.19689830499999,115.8125,598.375,smoke-test,7e9fb1b8,2023-02-24 03:57:39.084018,smoke-test_7e9fb1b8_2023-02-24 03:57:39.084018.csv
batch_mode_cross_validation,True,3.6880008759999896,116.35546875,553.30078125,smoke-test,7e9fb1b8,2023-02-24 03:57:39.084018,smoke-test_7e9fb1b8_2023-02-24 03:57:39.084018.csv
bo_with_warped_gp,True,13.523292094999988,117.2890625,570.07421875,smoke-test,7e9fb1b8,2023-02-24 03:57:39.084018,smoke-test_7e9fb1b8_2023-02-24 03:57:39.084018.csv
bope,False,,,,smoke-test,7e9fb1b8,2023-02-24 03:57:39.084018,smoke-test_7e9fb1b8_2023-02-24 03:57:39.084018.csv
closed_loop_botorch_only,True,16.29309363899995,117.2890625,556.2109375,smoke-test,7e9fb1b8,2023-02-24 03:57:39.084018,smoke-test_7e9fb1b8_2023-02-24 03:57:39.084018.csv
compare_mc_analytic_acquisition,True,5.0077853590000245,117.2890625,532.15625,smoke-test,7e9fb1b8,2023-02-24 03:57:39.084018,smoke-test_7e9fb1b8_2023-02-24 03:57:39.084018.csv
composite_bo_with_hogp,True,48.79094246599999,117.0390625,1192.66796875,smoke-test,7e9fb1b8,2023-02-24 03:57:39.084018,smoke-test_7e9fb1b8_2023-02-24 03:57:39.084018.csv
composite_mtbo,True,59.75450909899996,117.0390625,645.6484375,smoke-test,7e9fb1b8,2023-02-24 03:57:39.084018,smoke-test_7e9fb1b8_2023-02-24 03:57:39.084018.csv
constrained_multi_objective_bo,True,14.451047878000054,117.0390625,566.6953125,smoke-test,7e9fb1b8,2023-02-24 03:57:39.084018,smoke-test_7e9fb1b8_2023-02-24 03:57:39.084018.csv
constraint_active_search,False,,,,smoke-test,7e9fb1b8,2023-02-24 03:57:39.084018,smoke-test_7e9fb1b8_2023-02-24 03:57:39.084018.csv
custom_acquisition,True,25.00461095000003,117.0390625,917.44921875,smoke-test,7e9fb1b8,2023-02-24 03:57:39.084018,smoke-test_7e9fb1b8_2023-02-24 03:57:39.084018.csv
custom_botorch_model_in_ax,True,7.68243324499997,117.73828125,989.8671875,smoke-test,7e9fb1b8,2023-02-24 03:57:39.084018,smoke-test_7e9fb1b8_2023-02-24 03:57:39.084018.csv
discrete_multi_fidelity_bo,True,48.76967893200003,117.96484375,577.92578125,smoke-test,7e9fb1b8,2023-02-24 03:57:39.084018,smoke-test_7e9fb1b8_2023-02-24 03:57:39.084018.csv
fit_model_with_torch_optimizer,True,4.003865609999934,118.0234375,554.0234375,smoke-test,7e9fb1b8,2023-02-24 03:57:39.084018,smoke-test_7e9fb1b8_2023-02-24 03:57:39.084018.csv
information_theoretic_acquisition_functions,True,198.47709382900007,119.984375,1722.0625,smoke-test,7e9fb1b8,2023-02-24 03:57:39.084018,smoke-test_7e9fb1b8_2023-02-24 03:57:39.084018.csv
max_value_entropy,True,10.795726368000032,119.984375,872.453125,smoke-test,7e9fb1b8,2023-02-24 03:57:39.084018,smoke-test_7e9fb1b8_2023-02-24 03:57:39.084018.csv
meta_learning_with_rgpe,True,4.606195709000076,120.1484375,570.26953125,smoke-test,7e9fb1b8,2023-02-24 03:57:39.084018,smoke-test_7e9fb1b8_2023-02-24 03:57:39.084018.csv
multi_fidelity_bo,True,17.972295809000002,120.1484375,567.5546875,smoke-test,7e9fb1b8,2023-02-24 03:57:39.084018,smoke-test_7e9fb1b8_2023-02-24 03:57:39.084018.csv
multi_objective_bo,True,18.41380914000001,120.1484375,577.69140625,smoke-test,7e9fb1b8,2023-02-24 03:57:39.084018,smoke-test_7e9fb1b8_2023-02-24 03:57:39.084018.csv
one_shot_kg,True,6.764312055999994,120.1484375,543.98828125,smoke-test,7e9fb1b8,2023-02-24 03:57:39.084018,smoke-test_7e9fb1b8_2023-02-24 03:57:39.084018.csv
optimize_stochastic,True,3.5979535010000063,120.1484375,547.53515625,smoke-test,7e9fb1b8,2023-02-24 03:57:39.084018,smoke-test_7e9fb1b8_2023-02-24 03:57:39.084018.csv
optimize_with_cmaes,True,4.953701056999989,120.1484375,556.01171875,smoke-test,7e9fb1b8,2023-02-24 03:57:39.084018,smoke-test_7e9fb1b8_2023-02-24 03:57:39.084018.csv
preference_bo,False,,,,smoke-test,7e9fb1b8,2023-02-24 03:57:39.084018,smoke-test_7e9fb1b8_2023-02-24 03:57:39.084018.csv
risk_averse_bo_with_environmental_variables,True,6.954919891000031,120.1484375,598.03125,smoke-test,7e9fb1b8,2023-02-24 03:57:39.084018,smoke-test_7e9fb1b8_2023-02-24 03:57:39.084018.csv
risk_averse_bo_with_input_perturbations,True,4.395521262999978,120.28515625,722.75,smoke-test,7e9fb1b8,2023-02-24 03:57:39.084018,smoke-test_7e9fb1b8_2023-02-24 03:57:39.084018.csv
robust_multi_objective_bo,True,3.745728215999975,121.63671875,567.0390625,smoke-test,7e9fb1b8,2023-02-24 03:57:39.084018,smoke-test_7e9fb1b8_2023-02-24 03:57:39.084018.csv
saasbo,False,,,,smoke-test,7e9fb1b8,2023-02-24 03:57:39.084018,smoke-test_7e9fb1b8_2023-02-24 03:57:39.084018.csv
scalable_constrained_bo,False,,,,smoke-test,7e9fb1b8,2023-02-24 03:57:39.084018,smoke-test_7e9fb1b8_2023-02-24 03:57:39.084018.csv
thompson_sampling,True,21.237802958999964,122.59765625,1119.33984375,smoke-test,7e9fb1b8,2023-02-24 03:57:39.084018,smoke-test_7e9fb1b8_2023-02-24 03:57:39.084018.csv
turbo_1,True,85.80482589600001,122.84765625,700.92578125,smoke-test,7e9fb1b8,2023-02-24 03:57:39.084018,smoke-test_7e9fb1b8_2023-02-24 03:57:39.084018.csv
vae_mnist,False,,,,smoke-test,7e9fb1b8,2023-02-24 03:57:39.084018,smoke-test_7e9fb1b8_2023-02-24 03:57:39.084018.csv
GIBBON_for_efficient_batch_entropy_search,True,13.243346868999993,113.94921875,634.46875,smoke-test,587885de,2023-02-24 19:58:07.215365,smoke-test_587885de_2023-02-24 19:58:07.215365.csv
Multi_objective_multi_fidelity_BO,True,45.39113932800001,115.6640625,598.13671875,smoke-test,587885de,2023-02-24 19:58:07.215365,smoke-test_587885de_2023-02-24 19:58:07.215365.csv
batch_mode_cross_validation,True,3.447573904999956,116.4140625,554.9609375,smoke-test,587885de,2023-02-24 19:58:07.215365,smoke-test_587885de_2023-02-24 19:58:07.215365.csv
bo_with_warped_gp,True,13.017335699,117.34375,570.484375,smoke-test,587885de,2023-02-24 19:58:07.215365,smoke-test_587885de_2023-02-24 19:58:07.215365.csv
bope,False,,,,smoke-test,587885de,2023-02-24 19:58:07.215365,smoke-test_587885de_2023-02-24 19:58:07.215365.csv
closed_loop_botorch_only,True,16.717340466999985,117.34375,557.359375,smoke-test,587885de,2023-02-24 19:58:07.215365,smoke-test_587885de_2023-02-24 19:58:07.215365.csv
compare_mc_analytic_acquisition,True,4.225883003000035,117.34375,532.375,smoke-test,587885de,2023-02-24 19:58:07.215365,smoke-test_587885de_2023-02-24 19:58:07.215365.csv
composite_bo_with_hogp,True,42.88698663100001,117.34375,1105.5234375,smoke-test,587885de,2023-02-24 19:58:07.215365,smoke-test_587885de_2023-02-24 19:58:07.215365.csv
composite_mtbo,True,56.98864506000001,117.34375,640.44921875,smoke-test,587885de,2023-02-24 19:58:07.215365,smoke-test_587885de_2023-02-24 19:58:07.215365.csv
constrained_multi_objective_bo,True,13.989053931000058,117.34375,568.84375,smoke-test,587885de,2023-02-24 19:58:07.215365,smoke-test_587885de_2023-02-24 19:58:07.215365.csv
constraint_active_search,False,,,,smoke-test,587885de,2023-02-24 19:58:07.215365,smoke-test_587885de_2023-02-24 19:58:07.215365.csv
custom_acquisition,True,25.274482129000035,117.34375,920.4375,smoke-test,587885de,2023-02-24 19:58:07.215365,smoke-test_587885de_2023-02-24 19:58:07.215365.csv
custom_botorch_model_in_ax,True,7.178588896000065,118.015625,990.7421875,smoke-test,587885de,2023-02-24 19:58:07.215365,smoke-test_587885de_2023-02-24 19:58:07.215365.csv
discrete_multi_fidelity_bo,True,51.37808830200004,118.015625,577.546875,smoke-test,587885de,2023-02-24 19:58:07.215365,smoke-test_587885de_2023-02-24 19:58:07.215365.csv
fit_model_with_torch_optimizer,True,3.6644364830000313,118.32421875,557.36328125,smoke-test,587885de,2023-02-24 19:58:07.215365,smoke-test_587885de_2023-02-24 19:58:07.215365.csv
information_theoretic_acquisition_functions,True,183.54760716399997,120.02734375,1742.671875,smoke-test,587885de,2023-02-24 19:58:07.215365,smoke-test_587885de_2023-02-24 19:58:07.215365.csv
max_value_entropy,True,10.015163066000014,120.02734375,919.05859375,smoke-test,587885de,2023-02-24 19:58:07.215365,smoke-test_587885de_2023-02-24 19:58:07.215365.csv
meta_learning_with_rgpe,True,4.271583168000007,120.2421875,568.4765625,smoke-test,587885de,2023-02-24 19:58:07.215365,smoke-test_587885de_2023-02-24 19:58:07.215365.csv
multi_fidelity_bo,True,16.59415174100002,120.2421875,568.671875,smoke-test,587885de,2023-02-24 19:58:07.215365,smoke-test_587885de_2023-02-24 19:58:07.215365.csv
multi_objective_bo,True,25.747793469000044,120.2421875,578.421875,smoke-test,587885de,2023-02-24 19:58:07.215365,smoke-test_587885de_2023-02-24 19:58:07.215365.csv
one_shot_kg,True,6.311590446000082,120.2421875,545.0546875,smoke-test,587885de,2023-02-24 19:58:07.215365,smoke-test_587885de_2023-02-24 19:58:07.215365.csv
optimize_stochastic,True,3.4478328639999063,120.2421875,544.0703125,smoke-test,587885de,2023-02-24 19:58:07.215365,smoke-test_587885de_2023-02-24 19:58:07.215365.csv
optimize_with_cmaes,True,4.336087859000031,120.2421875,556.19140625,smoke-test,587885de,2023-02-24 19:58:07.215365,smoke-test_587885de_2023-02-24 19:58:07.215365.csv
preference_bo,False,,,,smoke-test,587885de,2023-02-24 19:58:07.215365,smoke-test_587885de_2023-02-24 19:58:07.215365.csv
risk_averse_bo_with_environmental_variables,True,6.826032579000071,120.2421875,599.53515625,smoke-test,587885de,2023-02-24 19:58:07.215365,smoke-test_587885de_2023-02-24 19:58:07.215365.csv
risk_averse_bo_with_input_perturbations,True,3.916093206000028,120.3671875,735.00390625,smoke-test,587885de,2023-02-24 19:58:07.215365,smoke-test_587885de_2023-02-24 19:58:07.215365.csv
robust_multi_objective_bo,True,3.3688806970000087,121.8125,566.65234375,smoke-test,587885de,2023-02-24 19:58:07.215365,smoke-test_587885de_2023-02-24 19:58:07.215365.csv
saasbo,False,,,,smoke-test,587885de,2023-02-24 19:58:07.215365,smoke-test_587885de_2023-02-24 19:58:07.215365.csv
scalable_constrained_bo,False,,,,smoke-test,587885de,2023-02-24 19:58:07.215365,smoke-test_587885de_2023-02-24 19:58:07.215365.csv
thompson_sampling,True,17.52833512299992,123.0234375,1125.03515625,smoke-test,587885de,2023-02-24 19:58:07.215365,smoke-test_587885de_2023-02-24 19:58:07.215365.csv
turbo_1,True,75.64781024600006,123.0234375,705.515625,smoke-test,587885de,2023-02-24 19:58:07.215365,smoke-test_587885de_2023-02-24 19:58:07.215365.csv
vae_mnist,False,,,,smoke-test,587885de,2023-02-24 19:58:07.215365,smoke-test_587885de_2023-02-24 19:58:07.215365.csv
GIBBON_for_efficient_batch_entropy_search,True,12.929240547999996,113.75390625,632.765625,smoke-test,ce006042,2023-02-25 01:12:22.808918,smoke-test_ce006042_2023-02-25 01:12:22.808918.csv
Multi_objective_multi_fidelity_BO,False,,,,smoke-test,ce006042,2023-02-25 01:12:22.808918,smoke-test_ce006042_2023-02-25 01:12:22.808918.csv
batch_mode_cross_validation,False,,,,smoke-test,ce006042,2023-02-25 01:12:22.808918,smoke-test_ce006042_2023-02-25 01:12:22.808918.csv
bo_with_warped_gp,False,,,,smoke-test,ce006042,2023-02-25 01:12:22.808918,smoke-test_ce006042_2023-02-25 01:12:22.808918.csv
bope,False,,,,smoke-test,ce006042,2023-02-25 01:12:22.808918,smoke-test_ce006042_2023-02-25 01:12:22.808918.csv
closed_loop_botorch_only,False,,,,smoke-test,ce006042,2023-02-25 01:12:22.808918,smoke-test_ce006042_2023-02-25 01:12:22.808918.csv
compare_mc_analytic_acquisition,False,,,,smoke-test,ce006042,2023-02-25 01:12:22.808918,smoke-test_ce006042_2023-02-25 01:12:22.808918.csv
composite_bo_with_hogp,False,,,,smoke-test,ce006042,2023-02-25 01:12:22.808918,smoke-test_ce006042_2023-02-25 01:12:22.808918.csv
composite_mtbo,False,,,,smoke-test,ce006042,2023-02-25 01:12:22.808918,smoke-test_ce006042_2023-02-25 01:12:22.808918.csv
constrained_multi_objective_bo,False,,,,smoke-test,ce006042,2023-02-25 01:12:22.808918,smoke-test_ce006042_2023-02-25 01:12:22.808918.csv
constraint_active_search,False,,,,smoke-test,ce006042,2023-02-25 01:12:22.808918,smoke-test_ce006042_2023-02-25 01:12:22.808918.csv
custom_acquisition,False,,,,smoke-test,ce006042,2023-02-25 01:12:22.808918,smoke-test_ce006042_2023-02-25 01:12:22.808918.csv
custom_botorch_model_in_ax,False,,,,smoke-test,ce006042,2023-02-25 01:12:22.808918,smoke-test_ce006042_2023-02-25 01:12:22.808918.csv
discrete_multi_fidelity_bo,False,,,,smoke-test,ce006042,2023-02-25 01:12:22.808918,smoke-test_ce006042_2023-02-25 01:12:22.808918.csv
fit_model_with_torch_optimizer,False,,,,smoke-test,ce006042,2023-02-25 01:12:22.808918,smoke-test_ce006042_2023-02-25 01:12:22.808918.csv
information_theoretic_acquisition_functions,False,,,,smoke-test,ce006042,2023-02-25 01:12:22.808918,smoke-test_ce006042_2023-02-25 01:12:22.808918.csv
max_value_entropy,False,,,,smoke-test,ce006042,2023-02-25 01:12:22.808918,smoke-test_ce006042_2023-02-25 01:12:22.808918.csv
meta_learning_with_rgpe,False,,,,smoke-test,ce006042,2023-02-25 01:12:22.808918,smoke-test_ce006042_2023-02-25 01:12:22.808918.csv
multi_fidelity_bo,False,,,,smoke-test,ce006042,2023-02-25 01:12:22.808918,smoke-test_ce006042_2023-02-25 01:12:22.808918.csv
multi_objective_bo,False,,,,smoke-test,ce006042,2023-02-25 01:12:22.808918,smoke-test_ce006042_2023-02-25 01:12:22.808918.csv
one_shot_kg,False,,,,smoke-test,ce006042,2023-02-25 01:12:22.808918,smoke-test_ce006042_2023-02-25 01:12:22.808918.csv
optimize_stochastic,False,,,,smoke-test,ce006042,2023-02-25 01:12:22.808918,smoke-test_ce006042_2023-02-25 01:12:22.808918.csv
optimize_with_cmaes,False,,,,smoke-test,ce006042,2023-02-25 01:12:22.808918,smoke-test_ce006042_2023-02-25 01:12:22.808918.csv
preference_bo,False,,,,smoke-test,ce006042,2023-02-25 01:12:22.808918,smoke-test_ce006042_2023-02-25 01:12:22.808918.csv
risk_averse_bo_with_environmental_variables,False,,,,smoke-test,ce006042,2023-02-25 01:12:22.808918,smoke-test_ce006042_2023-02-25 01:12:22.808918.csv
risk_averse_bo_with_input_perturbations,False,,,,smoke-test,ce006042,2023-02-25 01:12:22.808918,smoke-test_ce006042_2023-02-25 01:12:22.808918.csv
robust_multi_objective_bo,False,,,,smoke-test,ce006042,2023-02-25 01:12:22.808918,smoke-test_ce006042_2023-02-25 01:12:22.808918.csv
saasbo,False,,,,smoke-test,ce006042,2023-02-25 01:12:22.808918,smoke-test_ce006042_2023-02-25 01:12:22.808918.csv
scalable_constrained_bo,False,,,,smoke-test,ce006042,2023-02-25 01:12:22.808918,smoke-test_ce006042_2023-02-25 01:12:22.808918.csv
thompson_sampling,False,,,,smoke-test,ce006042,2023-02-25 01:12:22.808918,smoke-test_ce006042_2023-02-25 01:12:22.808918.csv
turbo_1,False,,,,smoke-test,ce006042,2023-02-25 01:12:22.808918,smoke-test_ce006042_2023-02-25 01:12:22.808918.csv
vae_mnist,False,,,,smoke-test,ce006042,2023-02-25 01:12:22.808918,smoke-test_ce006042_2023-02-25 01:12:22.808918.csv
GIBBON_for_efficient_batch_entropy_search,True,13.086805064999965,113.83984375,599.6875,smoke-test,f0155c5a,2023-02-27 19:44:34.250401,smoke-test_f0155c5a_2023-02-27 19:44:34.250401.csv
Multi_objective_multi_fidelity_BO,False,,,,smoke-test,f0155c5a,2023-02-27 19:44:34.250401,smoke-test_f0155c5a_2023-02-27 19:44:34.250401.csv
batch_mode_cross_validation,False,,,,smoke-test,f0155c5a,2023-02-27 19:44:34.250401,smoke-test_f0155c5a_2023-02-27 19:44:34.250401.csv
bo_with_warped_gp,False,,,,smoke-test,f0155c5a,2023-02-27 19:44:34.250401,smoke-test_f0155c5a_2023-02-27 19:44:34.250401.csv
bope,False,,,,smoke-test,f0155c5a,2023-02-27 19:44:34.250401,smoke-test_f0155c5a_2023-02-27 19:44:34.250401.csv
closed_loop_botorch_only,False,,,,smoke-test,f0155c5a,2023-02-27 19:44:34.250401,smoke-test_f0155c5a_2023-02-27 19:44:34.250401.csv
compare_mc_analytic_acquisition,False,,,,smoke-test,f0155c5a,2023-02-27 19:44:34.250401,smoke-test_f0155c5a_2023-02-27 19:44:34.250401.csv
composite_bo_with_hogp,False,,,,smoke-test,f0155c5a,2023-02-27 19:44:34.250401,smoke-test_f0155c5a_2023-02-27 19:44:34.250401.csv
composite_mtbo,False,,,,smoke-test,f0155c5a,2023-02-27 19:44:34.250401,smoke-test_f0155c5a_2023-02-27 19:44:34.250401.csv
constrained_multi_objective_bo,False,,,,smoke-test,f0155c5a,2023-02-27 19:44:34.250401,smoke-test_f0155c5a_2023-02-27 19:44:34.250401.csv
constraint_active_search,False,,,,smoke-test,f0155c5a,2023-02-27 19:44:34.250401,smoke-test_f0155c5a_2023-02-27 19:44:34.250401.csv
custom_acquisition,False,,,,smoke-test,f0155c5a,2023-02-27 19:44:34.250401,smoke-test_f0155c5a_2023-02-27 19:44:34.250401.csv
custom_botorch_model_in_ax,False,,,,smoke-test,f0155c5a,2023-02-27 19:44:34.250401,smoke-test_f0155c5a_2023-02-27 19:44:34.250401.csv
discrete_multi_fidelity_bo,False,,,,smoke-test,f0155c5a,2023-02-27 19:44:34.250401,smoke-test_f0155c5a_2023-02-27 19:44:34.250401.csv
fit_model_with_torch_optimizer,False,,,,smoke-test,f0155c5a,2023-02-27 19:44:34.250401,smoke-test_f0155c5a_2023-02-27 19:44:34.250401.csv
information_theoretic_acquisition_functions,False,,,,smoke-test,f0155c5a,2023-02-27 19:44:34.250401,smoke-test_f0155c5a_2023-02-27 19:44:34.250401.csv
max_value_entropy,False,,,,smoke-test,f0155c5a,2023-02-27 19:44:34.250401,smoke-test_f0155c5a_2023-02-27 19:44:34.250401.csv
meta_learning_with_rgpe,False,,,,smoke-test,f0155c5a,2023-02-27 19:44:34.250401,smoke-test_f0155c5a_2023-02-27 19:44:34.250401.csv
multi_fidelity_bo,False,,,,smoke-test,f0155c5a,2023-02-27 19:44:34.250401,smoke-test_f0155c5a_2023-02-27 19:44:34.250401.csv
multi_objective_bo,False,,,,smoke-test,f0155c5a,2023-02-27 19:44:34.250401,smoke-test_f0155c5a_2023-02-27 19:44:34.250401.csv
one_shot_kg,False,,,,smoke-test,f0155c5a,2023-02-27 19:44:34.250401,smoke-test_f0155c5a_2023-02-27 19:44:34.250401.csv
optimize_stochastic,False,,,,smoke-test,f0155c5a,2023-02-27 19:44:34.250401,smoke-test_f0155c5a_2023-02-27 19:44:34.250401.csv
optimize_with_cmaes,False,,,,smoke-test,f0155c5a,2023-02-27 19:44:34.250401,smoke-test_f0155c5a_2023-02-27 19:44:34.250401.csv
preference_bo,False,,,,smoke-test,f0155c5a,2023-02-27 19:44:34.250401,smoke-test_f0155c5a_2023-02-27 19:44:34.250401.csv
risk_averse_bo_with_environmental_variables,False,,,,smoke-test,f0155c5a,2023-02-27 19:44:34.250401,smoke-test_f0155c5a_2023-02-27 19:44:34.250401.csv
risk_averse_bo_with_input_perturbations,False,,,,smoke-test,f0155c5a,2023-02-27 19:44:34.250401,smoke-test_f0155c5a_2023-02-27 19:44:34.250401.csv
robust_multi_objective_bo,False,,,,smoke-test,f0155c5a,2023-02-27 19:44:34.250401,smoke-test_f0155c5a_2023-02-27 19:44:34.250401.csv
saasbo,False,,,,smoke-test,f0155c5a,2023-02-27 19:44:34.250401,smoke-test_f0155c5a_2023-02-27 19:44:34.250401.csv
scalable_constrained_bo,False,,,,smoke-test,f0155c5a,2023-02-27 19:44:34.250401,smoke-test_f0155c5a_2023-02-27 19:44:34.250401.csv
thompson_sampling,False,,,,smoke-test,f0155c5a,2023-02-27 19:44:34.250401,smoke-test_f0155c5a_2023-02-27 19:44:34.250401.csv
turbo_1,False,,,,smoke-test,f0155c5a,2023-02-27 19:44:34.250401,smoke-test_f0155c5a_2023-02-27 19:44:34.250401.csv
vae_mnist,False,,,,smoke-test,f0155c5a,2023-02-27 19:44:34.250401,smoke-test_f0155c5a_2023-02-27 19:44:34.250401.csv
GIBBON_for_efficient_batch_entropy_search,True,14.43637509299998,114.453125,1182.296875,standard,590b6edd,2023-02-20 19:09:44.557008,standard_590b6edd_2023-02-20 19:09:44.557008.csv
Multi_objective_multi_fidelity_BO,False,,,,standard,590b6edd,2023-02-20 19:09:44.557008,standard_590b6edd_2023-02-20 19:09:44.557008.csv
batch_mode_cross_validation,False,,,,standard,590b6edd,2023-02-20 19:09:44.557008,standard_590b6edd_2023-02-20 19:09:44.557008.csv
bo_with_warped_gp,False,,,,standard,590b6edd,2023-02-20 19:09:44.557008,standard_590b6edd_2023-02-20 19:09:44.557008.csv
bope,False,,,,standard,590b6edd,2023-02-20 19:09:44.557008,standard_590b6edd_2023-02-20 19:09:44.557008.csv
closed_loop_botorch_only,False,,,,standard,590b6edd,2023-02-20 19:09:44.557008,standard_590b6edd_2023-02-20 19:09:44.557008.csv
compare_mc_analytic_acquisition,False,,,,standard,590b6edd,2023-02-20 19:09:44.557008,standard_590b6edd_2023-02-20 19:09:44.557008.csv
composite_bo_with_hogp,False,,,,standard,590b6edd,2023-02-20 19:09:44.557008,standard_590b6edd_2023-02-20 19:09:44.557008.csv
composite_mtbo,False,,,,standard,590b6edd,2023-02-20 19:09:44.557008,standard_590b6edd_2023-02-20 19:09:44.557008.csv
constrained_multi_objective_bo,False,,,,standard,590b6edd,2023-02-20 19:09:44.557008,standard_590b6edd_2023-02-20 19:09:44.557008.csv
constraint_active_search,False,,,,standard,590b6edd,2023-02-20 19:09:44.557008,standard_590b6edd_2023-02-20 19:09:44.557008.csv
custom_acquisition,False,,,,standard,590b6edd,2023-02-20 19:09:44.557008,standard_590b6edd_2023-02-20 19:09:44.557008.csv
custom_botorch_model_in_ax,False,,,,standard,590b6edd,2023-02-20 19:09:44.557008,standard_590b6edd_2023-02-20 19:09:44.557008.csv
discrete_multi_fidelity_bo,False,,,,standard,590b6edd,2023-02-20 19:09:44.557008,standard_590b6edd_2023-02-20 19:09:44.557008.csv
fit_model_with_torch_optimizer,False,,,,standard,590b6edd,2023-02-20 19:09:44.557008,standard_590b6edd_2023-02-20 19:09:44.557008.csv
information_theoretic_acquisition_functions,False,,,,standard,590b6edd,2023-02-20 19:09:44.557008,standard_590b6edd_2023-02-20 19:09:44.557008.csv
max_value_entropy,False,,,,standard,590b6edd,2023-02-20 19:09:44.557008,standard_590b6edd_2023-02-20 19:09:44.557008.csv
meta_learning_with_rgpe,False,,,,standard,590b6edd,2023-02-20 19:09:44.557008,standard_590b6edd_2023-02-20 19:09:44.557008.csv
multi_fidelity_bo,False,,,,standard,590b6edd,2023-02-20 19:09:44.557008,standard_590b6edd_2023-02-20 19:09:44.557008.csv
multi_objective_bo,False,,,,standard,590b6edd,2023-02-20 19:09:44.557008,standard_590b6edd_2023-02-20 19:09:44.557008.csv
one_shot_kg,False,,,,standard,590b6edd,2023-02-20 19:09:44.557008,standard_590b6edd_2023-02-20 19:09:44.557008.csv
optimize_stochastic,False,,,,standard,590b6edd,2023-02-20 19:09:44.557008,standard_590b6edd_2023-02-20 19:09:44.557008.csv
optimize_with_cmaes,False,,,,standard,590b6edd,2023-02-20 19:09:44.557008,standard_590b6edd_2023-02-20 19:09:44.557008.csv
preference_bo,False,,,,standard,590b6edd,2023-02-20 19:09:44.557008,standard_590b6edd_2023-02-20 19:09:44.557008.csv
risk_averse_bo_with_environmental_variables,False,,,,standard,590b6edd,2023-02-20 19:09:44.557008,standard_590b6edd_2023-02-20 19:09:44.557008.csv
risk_averse_bo_with_input_perturbations,False,,,,standard,590b6edd,2023-02-20 19:09:44.557008,standard_590b6edd_2023-02-20 19:09:44.557008.csv
robust_multi_objective_bo,False,,,,standard,590b6edd,2023-02-20 19:09:44.557008,standard_590b6edd_2023-02-20 19:09:44.557008.csv
saasbo,False,,,,standard,590b6edd,2023-02-20 19:09:44.557008,standard_590b6edd_2023-02-20 19:09:44.557008.csv
scalable_constrained_bo,False,,,,standard,590b6edd,2023-02-20 19:09:44.557008,standard_590b6edd_2023-02-20 19:09:44.557008.csv
thompson_sampling,False,,,,standard,590b6edd,2023-02-20 19:09:44.557008,standard_590b6edd_2023-02-20 19:09:44.557008.csv
turbo_1,False,,,,standard,590b6edd,2023-02-20 19:09:44.557008,standard_590b6edd_2023-02-20 19:09:44.557008.csv
vae_mnist,False,,,,standard,590b6edd,2023-02-20 19:09:44.557008,standard_590b6edd_2023-02-20 19:09:44.557008.csv
GIBBON_for_efficient_batch_entropy_search,True,14.447796745000003,114.43359375,1194.1015625,standard,f0c1c81a,2023-02-20 23:09:50.566617,standard_f0c1c81a_2023-02-20 23:09:50.566617.csv
Multi_objective_multi_fidelity_BO,False,,,,standard,f0c1c81a,2023-02-20 23:09:50.566617,standard_f0c1c81a_2023-02-20 23:09:50.566617.csv
batch_mode_cross_validation,True,3.0610707359999765,115.9375,554.62890625,standard,f0c1c81a,2023-02-20 23:09:50.566617,standard_f0c1c81a_2023-02-20 23:09:50.566617.csv
bo_with_warped_gp,True,299.093532934,116.51171875,612.23828125,standard,f0c1c81a,2023-02-20 23:09:50.566617,standard_f0c1c81a_2023-02-20 23:09:50.566617.csv
bope,False,,,,standard,f0c1c81a,2023-02-20 23:09:50.566617,standard_f0c1c81a_2023-02-20 23:09:50.566617.csv
closed_loop_botorch_only,True,358.8337919229999,116.51171875,609.37109375,standard,f0c1c81a,2023-02-20 23:09:50.566617,standard_f0c1c81a_2023-02-20 23:09:50.566617.csv
compare_mc_analytic_acquisition,True,3.587215683000068,117.01171875,531.16796875,standard,f0c1c81a,2023-02-20 23:09:50.566617,standard_f0c1c81a_2023-02-20 23:09:50.566617.csv
composite_bo_with_hogp,False,,,,standard,f0c1c81a,2023-02-20 23:09:50.566617,standard_f0c1c81a_2023-02-20 23:09:50.566617.csv
composite_mtbo,False,,,,standard,f0c1c81a,2023-02-20 23:09:50.566617,standard_f0c1c81a_2023-02-20 23:09:50.566617.csv
constrained_multi_objective_bo,True,213.7670535100001,117.09765625,590.59765625,standard,f0c1c81a,2023-02-20 23:09:50.566617,standard_f0c1c81a_2023-02-20 23:09:50.566617.csv
constraint_active_search,False,,,,standard,f0c1c81a,2023-02-20 23:09:50.566617,standard_f0c1c81a_2023-02-20 23:09:50.566617.csv
custom_acquisition,True,23.00711616400008,117.12890625,914.5546875,standard,f0c1c81a,2023-02-20 23:09:50.566617,standard_f0c1c81a_2023-02-20 23:09:50.566617.csv
custom_botorch_model_in_ax,True,56.85764027899995,117.73046875,999.375,standard,f0c1c81a,2023-02-20 23:09:50.566617,standard_f0c1c81a_2023-02-20 23:09:50.566617.csv
discrete_multi_fidelity_bo,True,355.6079819229999,117.73046875,1867.828125,standard,f0c1c81a,2023-02-20 23:09:50.566617,standard_f0c1c81a_2023-02-20 23:09:50.566617.csv
fit_model_with_torch_optimizer,True,3.4773510539998824,117.859375,557.1015625,standard,f0c1c81a,2023-02-20 23:09:50.566617,standard_f0c1c81a_2023-02-20 23:09:50.566617.csv
information_theoretic_acquisition_functions,True,166.1920011220002,119.23046875,1704.0234375,standard,f0c1c81a,2023-02-20 23:09:50.566617,standard_f0c1c81a_2023-02-20 23:09:50.566617.csv
max_value_entropy,True,9.278883813999984,119.23046875,869.56640625,standard,f0c1c81a,2023-02-20 23:09:50.566617,standard_f0c1c81a_2023-02-20 23:09:50.566617.csv
meta_learning_with_rgpe,True,35.06637197600003,119.40234375,606.22265625,standard,f0c1c81a,2023-02-20 23:09:50.566617,standard_f0c1c81a_2023-02-20 23:09:50.566617.csv
multi_fidelity_bo,True,117.52888857899984,119.40234375,1563.9765625,standard,f0c1c81a,2023-02-20 23:09:50.566617,standard_f0c1c81a_2023-02-20 23:09:50.566617.csv
multi_objective_bo,True,422.42092409399993,119.40234375,629.51171875,standard,f0c1c81a,2023-02-20 23:09:50.566617,standard_f0c1c81a_2023-02-20 23:09:50.566617.csv
one_shot_kg,True,8.41497590500012,119.40234375,879.1171875,standard,f0c1c81a,2023-02-20 23:09:50.566617,standard_f0c1c81a_2023-02-20 23:09:50.566617.csv
optimize_stochastic,True,3.106464569999844,119.40234375,542.484375,standard,f0c1c81a,2023-02-20 23:09:50.566617,standard_f0c1c81a_2023-02-20 23:09:50.566617.csv
optimize_with_cmaes,True,4.2185324140000375,119.40234375,555.421875,standard,f0c1c81a,2023-02-20 23:09:50.566617,standard_f0c1c81a_2023-02-20 23:09:50.566617.csv
preference_bo,False,,,,standard,f0c1c81a,2023-02-20 23:09:50.566617,standard_f0c1c81a_2023-02-20 23:09:50.566617.csv
risk_averse_bo_with_environmental_variables,True,145.59965821099968,119.40234375,1209.05859375,standard,f0c1c81a,2023-02-20 23:09:50.566617,standard_f0c1c81a_2023-02-20 23:09:50.566617.csv
risk_averse_bo_with_input_perturbations,True,167.404814859,119.4453125,1231.0078125,standard,f0c1c81a,2023-02-20 23:09:50.566617,standard_f0c1c81a_2023-02-20 23:09:50.566617.csv
robust_multi_objective_bo,True,80.8529247360002,120.5625,683.5546875,standard,f0c1c81a,2023-02-20 23:09:50.566617,standard_f0c1c81a_2023-02-20 23:09:50.566617.csv
saasbo,False,,,,standard,f0c1c81a,2023-02-20 23:09:50.566617,standard_f0c1c81a_2023-02-20 23:09:50.566617.csv
scalable_constrained_bo,False,,,,standard,f0c1c81a,2023-02-20 23:09:50.566617,standard_f0c1c81a_2023-02-20 23:09:50.566617.csv
thompson_sampling,False,,,,standard,f0c1c81a,2023-02-20 23:09:50.566617,standard_f0c1c81a_2023-02-20 23:09:50.566617.csv
turbo_1,True,166.87367392099986,122.01953125,2248.1484375,standard,f0c1c81a,2023-02-20 23:09:50.566617,standard_f0c1c81a_2023-02-20 23:09:50.566617.csv
vae_mnist,False,,,,standard,f0c1c81a,2023-02-20 23:09:50.566617,standard_f0c1c81a_2023-02-20 23:09:50.566617.csv
GIBBON_for_efficient_batch_entropy_search,True,14.36171561599997,114.3671875,1147.18359375,standard,e264019b,2023-02-21 16:16:45.682346,standard_e264019b_2023-02-21 16:16:45.682346.csv
Multi_objective_multi_fidelity_BO,False,,,,standard,e264019b,2023-02-21 16:16:45.682346,standard_e264019b_2023-02-21 16:16:45.682346.csv
batch_mode_cross_validation,True,3.0321937499999763,115.859375,553.81640625,standard,e264019b,2023-02-21 16:16:45.682346,standard_e264019b_2023-02-21 16:16:45.682346.csv
bo_with_warped_gp,True,295.668986326,116.45703125,613.8203125,standard,e264019b,2023-02-21 16:16:45.682346,standard_e264019b_2023-02-21 16:16:45.682346.csv
bope,False,,,,standard,e264019b,2023-02-21 16:16:45.682346,standard_e264019b_2023-02-21 16:16:45.682346.csv
closed_loop_botorch_only,True,400.004644202,116.45703125,600.984375,standard,e264019b,2023-02-21 16:16:45.682346,standard_e264019b_2023-02-21 16:16:45.682346.csv
compare_mc_analytic_acquisition,True,3.1776153680000334,117.20703125,530.546875,standard,e264019b,2023-02-21 16:16:45.682346,standard_e264019b_2023-02-21 16:16:45.682346.csv
composite_bo_with_hogp,False,,,,standard,e264019b,2023-02-21 16:16:45.682346,standard_e264019b_2023-02-21 16:16:45.682346.csv
composite_mtbo,False,,,,standard,e264019b,2023-02-21 16:16:45.682346,standard_e264019b_2023-02-21 16:16:45.682346.csv
constrained_multi_objective_bo,True,206.12518312700013,117.20703125,596.52734375,standard,e264019b,2023-02-21 16:16:45.682346,standard_e264019b_2023-02-21 16:16:45.682346.csv
constraint_active_search,False,,,,standard,e264019b,2023-02-21 16:16:45.682346,standard_e264019b_2023-02-21 16:16:45.682346.csv
custom_acquisition,True,22.34321551399989,117.015625,917.203125,standard,e264019b,2023-02-21 16:16:45.682346,standard_e264019b_2023-02-21 16:16:45.682346.csv
custom_botorch_model_in_ax,True,60.920851975000005,117.25,995.7890625,standard,e264019b,2023-02-21 16:16:45.682346,standard_e264019b_2023-02-21 16:16:45.682346.csv
discrete_multi_fidelity_bo,True,329.50614318299995,117.25,1786.78125,standard,e264019b,2023-02-21 16:16:45.682346,standard_e264019b_2023-02-21 16:16:45.682346.csv
fit_model_with_torch_optimizer,True,3.389158469999984,117.3828125,556.44140625,standard,e264019b,2023-02-21 16:16:45.682346,standard_e264019b_2023-02-21 16:16:45.682346.csv
information_theoretic_acquisition_functions,True,166.0990308910002,119.25,1749.25,standard,e264019b,2023-02-21 16:16:45.682346,standard_e264019b_2023-02-21 16:16:45.682346.csv
max_value_entropy,True,9.293563619999986,119.25,921.85546875,standard,e264019b,2023-02-21 16:16:45.682346,standard_e264019b_2023-02-21 16:16:45.682346.csv
meta_learning_with_rgpe,True,34.98609156600014,119.5625,601.578125,standard,e264019b,2023-02-21 16:16:45.682346,standard_e264019b_2023-02-21 16:16:45.682346.csv
multi_fidelity_bo,True,114.79659550399992,119.5625,1767.5,standard,e264019b,2023-02-21 16:16:45.682346,standard_e264019b_2023-02-21 16:16:45.682346.csv
multi_objective_bo,True,378.42531513200015,119.5625,596.890625,standard,e264019b,2023-02-21 16:16:45.682346,standard_e264019b_2023-02-21 16:16:45.682346.csv
one_shot_kg,True,14.567113753000283,119.5625,1146.38671875,standard,e264019b,2023-02-21 16:16:45.682346,standard_e264019b_2023-02-21 16:16:45.682346.csv
optimize_stochastic,True,3.026043202999972,119.5625,543.8203125,standard,e264019b,2023-02-21 16:16:45.682346,standard_e264019b_2023-02-21 16:16:45.682346.csv
optimize_with_cmaes,True,4.732736998999826,119.5625,554.8125,standard,e264019b,2023-02-21 16:16:45.682346,standard_e264019b_2023-02-21 16:16:45.682346.csv
preference_bo,False,,,,standard,e264019b,2023-02-21 16:16:45.682346,standard_e264019b_2023-02-21 16:16:45.682346.csv
risk_averse_bo_with_environmental_variables,True,128.09069423899973,119.5625,1142.62890625,standard,e264019b,2023-02-21 16:16:45.682346,standard_e264019b_2023-02-21 16:16:45.682346.csv
risk_averse_bo_with_input_perturbations,True,172.13282700599984,119.609375,1257.8984375,standard,e264019b,2023-02-21 16:16:45.682346,standard_e264019b_2023-02-21 16:16:45.682346.csv
robust_multi_objective_bo,True,79.59467154799995,120.6796875,692.7421875,standard,e264019b,2023-02-21 16:16:45.682346,standard_e264019b_2023-02-21 16:16:45.682346.csv
saasbo,False,,,,standard,e264019b,2023-02-21 16:16:45.682346,standard_e264019b_2023-02-21 16:16:45.682346.csv
scalable_constrained_bo,False,,,,standard,e264019b,2023-02-21 16:16:45.682346,standard_e264019b_2023-02-21 16:16:45.682346.csv
thompson_sampling,False,,,,standard,e264019b,2023-02-21 16:16:45.682346,standard_e264019b_2023-02-21 16:16:45.682346.csv
turbo_1,True,164.48933854000006,122.1328125,2214.703125,standard,e264019b,2023-02-21 16:16:45.682346,standard_e264019b_2023-02-21 16:16:45.682346.csv
vae_mnist,False,,,,standard,e264019b,2023-02-21 16:16:45.682346,standard_e264019b_2023-02-21 16:16:45.682346.csv
GIBBON_for_efficient_batch_entropy_search,True,16.037349552000023,113.79296875,1175.28515625,standard,e264019b,2023-02-21 17:22:25.643104,standard_e264019b_2023-02-21 17:22:25.643104.csv
Multi_objective_multi_fidelity_BO,False,,,,standard,e264019b,2023-02-21 17:22:25.643104,standard_e264019b_2023-02-21 17:22:25.643104.csv
batch_mode_cross_validation,True,3.292943062999996,115.421875,553.12109375,standard,e264019b,2023-02-21 17:22:25.643104,standard_e264019b_2023-02-21 17:22:25.643104.csv
bo_with_warped_gp,True,309.160092856,116.2109375,613.89453125,standard,e264019b,2023-02-21 17:22:25.643104,standard_e264019b_2023-02-21 17:22:25.643104.csv
bope,False,,,,standard,e264019b,2023-02-21 17:22:25.643104,standard_e264019b_2023-02-21 17:22:25.643104.csv
closed_loop_botorch_only,True,408.71994330199993,116.2109375,605.98828125,standard,e264019b,2023-02-21 17:22:25.643104,standard_e264019b_2023-02-21 17:22:25.643104.csv
compare_mc_analytic_acquisition,True,3.2672948869999345,116.75390625,530.1328125,standard,e264019b,2023-02-21 17:22:25.643104,standard_e264019b_2023-02-21 17:22:25.643104.csv
composite_bo_with_hogp,False,,,,standard,e264019b,2023-02-21 17:22:25.643104,standard_e264019b_2023-02-21 17:22:25.643104.csv
composite_mtbo,False,,,,standard,e264019b,2023-02-21 17:22:25.643104,standard_e264019b_2023-02-21 17:22:25.643104.csv
constrained_multi_objective_bo,True,210.422345623,116.75390625,585.35546875,standard,e264019b,2023-02-21 17:22:25.643104,standard_e264019b_2023-02-21 17:22:25.643104.csv
constraint_active_search,False,,,,standard,e264019b,2023-02-21 17:22:25.643104,standard_e264019b_2023-02-21 17:22:25.643104.csv
custom_acquisition,True,24.34417954100013,117.046875,917.046875,standard,e264019b,2023-02-21 17:22:25.643104,standard_e264019b_2023-02-21 17:22:25.643104.csv
custom_botorch_model_in_ax,True,62.204473191000034,117.54296875,993.21484375,standard,e264019b,2023-02-21 17:22:25.643104,standard_e264019b_2023-02-21 17:22:25.643104.csv
discrete_multi_fidelity_bo,True,439.281756329,117.54296875,1856.3359375,standard,e264019b,2023-02-21 17:22:25.643104,standard_e264019b_2023-02-21 17:22:25.643104.csv
fit_model_with_torch_optimizer,True,3.613316700000041,117.58203125,556.9921875,standard,e264019b,2023-02-21 17:22:25.643104,standard_e264019b_2023-02-21 17:22:25.643104.csv
information_theoretic_acquisition_functions,True,175.47006005000003,119.04296875,1754.85546875,standard,e264019b,2023-02-21 17:22:25.643104,standard_e264019b_2023-02-21 17:22:25.643104.csv
max_value_entropy,True,9.798048569000002,119.04296875,945.0859375,standard,e264019b,2023-02-21 17:22:25.643104,standard_e264019b_2023-02-21 17:22:25.643104.csv
meta_learning_with_rgpe,True,37.68150959100012,119.296875,606.65625,standard,e264019b,2023-02-21 17:22:25.643104,standard_e264019b_2023-02-21 17:22:25.643104.csv
multi_fidelity_bo,True,117.90748987500024,119.296875,1987.4765625,standard,e264019b,2023-02-21 17:22:25.643104,standard_e264019b_2023-02-21 17:22:25.643104.csv
multi_objective_bo,True,426.70623462,119.296875,616.97265625,standard,e264019b,2023-02-21 17:22:25.643104,standard_e264019b_2023-02-21 17:22:25.643104.csv
one_shot_kg,True,16.96432264499981,119.296875,1279.4765625,standard,e264019b,2023-02-21 17:22:25.643104,standard_e264019b_2023-02-21 17:22:25.643104.csv
optimize_stochastic,True,3.2393715860002885,119.296875,542.40234375,standard,e264019b,2023-02-21 17:22:25.643104,standard_e264019b_2023-02-21 17:22:25.643104.csv
optimize_with_cmaes,True,3.998954894000235,119.296875,555.01171875,standard,e264019b,2023-02-21 17:22:25.643104,standard_e264019b_2023-02-21 17:22:25.643104.csv
preference_bo,False,,,,standard,e264019b,2023-02-21 17:22:25.643104,standard_e264019b_2023-02-21 17:22:25.643104.csv
risk_averse_bo_with_environmental_variables,True,221.00908409300015,119.296875,1235.84765625,standard,e264019b,2023-02-21 17:22:25.643104,standard_e264019b_2023-02-21 17:22:25.643104.csv
risk_averse_bo_with_input_perturbations,True,189.55274371600035,119.296875,1286.9375,standard,e264019b,2023-02-21 17:22:25.643104,standard_e264019b_2023-02-21 17:22:25.643104.csv
robust_multi_objective_bo,True,87.10795334500017,120.76953125,679.2734375,standard,e264019b,2023-02-21 17:22:25.643104,standard_e264019b_2023-02-21 17:22:25.643104.csv
saasbo,False,,,,standard,e264019b,2023-02-21 17:22:25.643104,standard_e264019b_2023-02-21 17:22:25.643104.csv
scalable_constrained_bo,False,,,,standard,e264019b,2023-02-21 17:22:25.643104,standard_e264019b_2023-02-21 17:22:25.643104.csv
thompson_sampling,False,,,,standard,e264019b,2023-02-21 17:22:25.643104,standard_e264019b_2023-02-21 17:22:25.643104.csv
turbo_1,True,181.31103860200028,122.26953125,2299.4453125,standard,e264019b,2023-02-21 17:22:25.643104,standard_e264019b_2023-02-21 17:22:25.643104.csv
vae_mnist,False,,,,standard,e264019b,2023-02-21 17:22:25.643104,standard_e264019b_2023-02-21 17:22:25.643104.csv
GIBBON_for_efficient_batch_entropy_search,True,21.346645607000028,113.73046875,1190.6796875,standard,bacd8427,2023-02-21 18:31:22.638945,standard_bacd8427_2023-02-21 18:31:22.638945.csv
Multi_objective_multi_fidelity_BO,False,,,,standard,bacd8427,2023-02-21 18:31:22.638945,standard_bacd8427_2023-02-21 18:31:22.638945.csv
batch_mode_cross_validation,False,,,,standard,bacd8427,2023-02-21 18:31:22.638945,standard_bacd8427_2023-02-21 18:31:22.638945.csv
bo_with_warped_gp,False,,,,standard,bacd8427,2023-02-21 18:31:22.638945,standard_bacd8427_2023-02-21 18:31:22.638945.csv
bope,False,,,,standard,bacd8427,2023-02-21 18:31:22.638945,standard_bacd8427_2023-02-21 18:31:22.638945.csv
closed_loop_botorch_only,False,,,,standard,bacd8427,2023-02-21 18:31:22.638945,standard_bacd8427_2023-02-21 18:31:22.638945.csv
compare_mc_analytic_acquisition,False,,,,standard,bacd8427,2023-02-21 18:31:22.638945,standard_bacd8427_2023-02-21 18:31:22.638945.csv
composite_bo_with_hogp,False,,,,standard,bacd8427,2023-02-21 18:31:22.638945,standard_bacd8427_2023-02-21 18:31:22.638945.csv
composite_mtbo,False,,,,standard,bacd8427,2023-02-21 18:31:22.638945,standard_bacd8427_2023-02-21 18:31:22.638945.csv
constrained_multi_objective_bo,False,,,,standard,bacd8427,2023-02-21 18:31:22.638945,standard_bacd8427_2023-02-21 18:31:22.638945.csv
constraint_active_search,False,,,,standard,bacd8427,2023-02-21 18:31:22.638945,standard_bacd8427_2023-02-21 18:31:22.638945.csv
custom_acquisition,False,,,,standard,bacd8427,2023-02-21 18:31:22.638945,standard_bacd8427_2023-02-21 18:31:22.638945.csv
custom_botorch_model_in_ax,False,,,,standard,bacd8427,2023-02-21 18:31:22.638945,standard_bacd8427_2023-02-21 18:31:22.638945.csv
discrete_multi_fidelity_bo,False,,,,standard,bacd8427,2023-02-21 18:31:22.638945,standard_bacd8427_2023-02-21 18:31:22.638945.csv
fit_model_with_torch_optimizer,False,,,,standard,bacd8427,2023-02-21 18:31:22.638945,standard_bacd8427_2023-02-21 18:31:22.638945.csv
information_theoretic_acquisition_functions,False,,,,standard,bacd8427,2023-02-21 18:31:22.638945,standard_bacd8427_2023-02-21 18:31:22.638945.csv
max_value_entropy,False,,,,standard,bacd8427,2023-02-21 18:31:22.638945,standard_bacd8427_2023-02-21 18:31:22.638945.csv
meta_learning_with_rgpe,False,,,,standard,bacd8427,2023-02-21 18:31:22.638945,standard_bacd8427_2023-02-21 18:31:22.638945.csv
multi_fidelity_bo,False,,,,standard,bacd8427,2023-02-21 18:31:22.638945,standard_bacd8427_2023-02-21 18:31:22.638945.csv
multi_objective_bo,False,,,,standard,bacd8427,2023-02-21 18:31:22.638945,standard_bacd8427_2023-02-21 18:31:22.638945.csv
one_shot_kg,False,,,,standard,bacd8427,2023-02-21 18:31:22.638945,standard_bacd8427_2023-02-21 18:31:22.638945.csv
optimize_stochastic,False,,,,standard,bacd8427,2023-02-21 18:31:22.638945,standard_bacd8427_2023-02-21 18:31:22.638945.csv
optimize_with_cmaes,False,,,,standard,bacd8427,2023-02-21 18:31:22.638945,standard_bacd8427_2023-02-21 18:31:22.638945.csv
preference_bo,False,,,,standard,bacd8427,2023-02-21 18:31:22.638945,standard_bacd8427_2023-02-21 18:31:22.638945.csv
risk_averse_bo_with_environmental_variables,False,,,,standard,bacd8427,2023-02-21 18:31:22.638945,standard_bacd8427_2023-02-21 18:31:22.638945.csv
risk_averse_bo_with_input_perturbations,False,,,,standard,bacd8427,2023-02-21 18:31:22.638945,standard_bacd8427_2023-02-21 18:31:22.638945.csv
robust_multi_objective_bo,False,,,,standard,bacd8427,2023-02-21 18:31:22.638945,standard_bacd8427_2023-02-21 18:31:22.638945.csv
saasbo,False,,,,standard,bacd8427,2023-02-21 18:31:22.638945,standard_bacd8427_2023-02-21 18:31:22.638945.csv
scalable_constrained_bo,False,,,,standard,bacd8427,2023-02-21 18:31:22.638945,standard_bacd8427_2023-02-21 18:31:22.638945.csv
thompson_sampling,False,,,,standard,bacd8427,2023-02-21 18:31:22.638945,standard_bacd8427_2023-02-21 18:31:22.638945.csv
turbo_1,False,,,,standard,bacd8427,2023-02-21 18:31:22.638945,standard_bacd8427_2023-02-21 18:31:22.638945.csv
vae_mnist,False,,,,standard,bacd8427,2023-02-21 18:31:22.638945,standard_bacd8427_2023-02-21 18:31:22.638945.csv
GIBBON_for_efficient_batch_entropy_search,True,16.21772448599998,113.39453125,1191.9375,standard,8db9c7bb,2023-02-22 11:27:35.873986,standard_8db9c7bb_2023-02-22 11:27:35.873986.csv
Multi_objective_multi_fidelity_BO,False,,,,standard,8db9c7bb,2023-02-22 11:27:35.873986,standard_8db9c7bb_2023-02-22 11:27:35.873986.csv
batch_mode_cross_validation,True,3.281084824999993,115.41796875,553.2734375,standard,8db9c7bb,2023-02-22 11:27:35.873986,standard_8db9c7bb_2023-02-22 11:27:35.873986.csv
bo_with_warped_gp,True,318.808226072,116.421875,615.2578125,standard,8db9c7bb,2023-02-22 11:27:35.873986,standard_8db9c7bb_2023-02-22 11:27:35.873986.csv
bope,False,,,,standard,8db9c7bb,2023-02-22 11:27:35.873986,standard_8db9c7bb_2023-02-22 11:27:35.873986.csv
closed_loop_botorch_only,True,463.865712114,116.421875,603.26171875,standard,8db9c7bb,2023-02-22 11:27:35.873986,standard_8db9c7bb_2023-02-22 11:27:35.873986.csv
compare_mc_analytic_acquisition,True,3.717706996999937,116.7265625,530.0234375,standard,8db9c7bb,2023-02-22 11:27:35.873986,standard_8db9c7bb_2023-02-22 11:27:35.873986.csv
composite_bo_with_hogp,False,,,,standard,8db9c7bb,2023-02-22 11:27:35.873986,standard_8db9c7bb_2023-02-22 11:27:35.873986.csv
composite_mtbo,False,,,,standard,8db9c7bb,2023-02-22 11:27:35.873986,standard_8db9c7bb_2023-02-22 11:27:35.873986.csv
constrained_multi_objective_bo,True,198.7484845560001,116.734375,592.8671875,standard,8db9c7bb,2023-02-22 11:27:35.873986,standard_8db9c7bb_2023-02-22 11:27:35.873986.csv
constraint_active_search,False,,,,standard,8db9c7bb,2023-02-22 11:27:35.873986,standard_8db9c7bb_2023-02-22 11:27:35.873986.csv
custom_acquisition,True,23.54898943099988,117.05078125,914.5859375,standard,8db9c7bb,2023-02-22 11:27:35.873986,standard_8db9c7bb_2023-02-22 11:27:35.873986.csv
custom_botorch_model_in_ax,True,70.20096329400008,117.640625,1000.1640625,standard,8db9c7bb,2023-02-22 11:27:35.873986,standard_8db9c7bb_2023-02-22 11:27:35.873986.csv
discrete_multi_fidelity_bo,True,386.836694851,117.640625,1786.88671875,standard,8db9c7bb,2023-02-22 11:27:35.873986,standard_8db9c7bb_2023-02-22 11:27:35.873986.csv
fit_model_with_torch_optimizer,True,3.706676330999926,117.6953125,557.34375,standard,8db9c7bb,2023-02-22 11:27:35.873986,standard_8db9c7bb_2023-02-22 11:27:35.873986.csv
information_theoretic_acquisition_functions,True,179.56941247200007,119.140625,1718.06640625,standard,8db9c7bb,2023-02-22 11:27:35.873986,standard_8db9c7bb_2023-02-22 11:27:35.873986.csv
max_value_entropy,True,9.889415241999814,119.140625,1022.8828125,standard,8db9c7bb,2023-02-22 11:27:35.873986,standard_8db9c7bb_2023-02-22 11:27:35.873986.csv
meta_learning_with_rgpe,True,37.310306572999934,119.3125,604.71484375,standard,8db9c7bb,2023-02-22 11:27:35.873986,standard_8db9c7bb_2023-02-22 11:27:35.873986.csv
multi_fidelity_bo,True,125.86994886899993,119.3125,1767.1640625,standard,8db9c7bb,2023-02-22 11:27:35.873986,standard_8db9c7bb_2023-02-22 11:27:35.873986.csv
multi_objective_bo,True,457.431701862,119.3125,613.484375,standard,8db9c7bb,2023-02-22 11:27:35.873986,standard_8db9c7bb_2023-02-22 11:27:35.873986.csv
one_shot_kg,True,16.04476029699981,119.3125,1036.41796875,standard,8db9c7bb,2023-02-22 11:27:35.873986,standard_8db9c7bb_2023-02-22 11:27:35.873986.csv
optimize_stochastic,True,3.3679716449996704,119.3125,543.109375,standard,8db9c7bb,2023-02-22 11:27:35.873986,standard_8db9c7bb_2023-02-22 11:27:35.873986.csv
optimize_with_cmaes,True,4.921162497000296,119.3125,555.77734375,standard,8db9c7bb,2023-02-22 11:27:35.873986,standard_8db9c7bb_2023-02-22 11:27:35.873986.csv
preference_bo,False,,,,standard,8db9c7bb,2023-02-22 11:27:35.873986,standard_8db9c7bb_2023-02-22 11:27:35.873986.csv
risk_averse_bo_with_environmental_variables,True,178.90250241500007,119.3125,1140.55859375,standard,8db9c7bb,2023-02-22 11:27:35.873986,standard_8db9c7bb_2023-02-22 11:27:35.873986.csv
risk_averse_bo_with_input_perturbations,True,219.99096324499988,119.3125,1505.56640625,standard,8db9c7bb,2023-02-22 11:27:35.873986,standard_8db9c7bb_2023-02-22 11:27:35.873986.csv
robust_multi_objective_bo,True,88.73014169099997,120.6953125,681.3671875,standard,8db9c7bb,2023-02-22 11:27:35.873986,standard_8db9c7bb_2023-02-22 11:27:35.873986.csv
saasbo,False,,,,standard,8db9c7bb,2023-02-22 11:27:35.873986,standard_8db9c7bb_2023-02-22 11:27:35.873986.csv
scalable_constrained_bo,False,,,,standard,8db9c7bb,2023-02-22 11:27:35.873986,standard_8db9c7bb_2023-02-22 11:27:35.873986.csv
thompson_sampling,False,,,,standard,8db9c7bb,2023-02-22 11:27:35.873986,standard_8db9c7bb_2023-02-22 11:27:35.873986.csv
turbo_1,True,180.66268645299988,122.1953125,2243.734375,standard,8db9c7bb,2023-02-22 11:27:35.873986,standard_8db9c7bb_2023-02-22 11:27:35.873986.csv
vae_mnist,False,,,,standard,8db9c7bb,2023-02-22 11:27:35.873986,standard_8db9c7bb_2023-02-22 11:27:35.873986.csv
GIBBON_for_efficient_batch_entropy_search,True,18.01616778000005,113.66015625,1192.33984375,standard,52959e64,2023-02-23 11:25:20.403119,standard_52959e64_2023-02-23 11:25:20.403119.csv
Multi_objective_multi_fidelity_BO,False,,,,standard,52959e64,2023-02-23 11:25:20.403119,standard_52959e64_2023-02-23 11:25:20.403119.csv
batch_mode_cross_validation,True,3.0224887580000086,115.546875,551.921875,standard,52959e64,2023-02-23 11:25:20.403119,standard_52959e64_2023-02-23 11:25:20.403119.csv
bo_with_warped_gp,True,302.342054657,116.296875,614.94921875,standard,52959e64,2023-02-23 11:25:20.403119,standard_52959e64_2023-02-23 11:25:20.403119.csv
bope,False,,,,standard,52959e64,2023-02-23 11:25:20.403119,standard_52959e64_2023-02-23 11:25:20.403119.csv
closed_loop_botorch_only,True,427.0831207619999,116.296875,599.9140625,standard,52959e64,2023-02-23 11:25:20.403119,standard_52959e64_2023-02-23 11:25:20.403119.csv
compare_mc_analytic_acquisition,True,4.174433174999876,116.83984375,530.45703125,standard,52959e64,2023-02-23 11:25:20.403119,standard_52959e64_2023-02-23 11:25:20.403119.csv
composite_bo_with_hogp,False,,,,standard,52959e64,2023-02-23 11:25:20.403119,standard_52959e64_2023-02-23 11:25:20.403119.csv
composite_mtbo,False,,,,standard,52959e64,2023-02-23 11:25:20.403119,standard_52959e64_2023-02-23 11:25:20.403119.csv
constrained_multi_objective_bo,True,194.005097174,116.8515625,586.546875,standard,52959e64,2023-02-23 11:25:20.403119,standard_52959e64_2023-02-23 11:25:20.403119.csv
constraint_active_search,False,,,,standard,52959e64,2023-02-23 11:25:20.403119,standard_52959e64_2023-02-23 11:25:20.403119.csv
custom_acquisition,True,22.641570194999986,117.12890625,914.390625,standard,52959e64,2023-02-23 11:25:20.403119,standard_52959e64_2023-02-23 11:25:20.403119.csv
custom_botorch_model_in_ax,True,65.79442339599996,117.71484375,992.5234375,standard,52959e64,2023-02-23 11:25:20.403119,standard_52959e64_2023-02-23 11:25:20.403119.csv
discrete_multi_fidelity_bo,True,404.110180532,117.71484375,1843.2421875,standard,52959e64,2023-02-23 11:25:20.403119,standard_52959e64_2023-02-23 11:25:20.403119.csv
fit_model_with_torch_optimizer,True,3.423364768000056,117.73828125,556.4296875,standard,52959e64,2023-02-23 11:25:20.403119,standard_52959e64_2023-02-23 11:25:20.403119.csv
information_theoretic_acquisition_functions,True,171.66666589600004,119.21484375,1725.18359375,standard,52959e64,2023-02-23 11:25:20.403119,standard_52959e64_2023-02-23 11:25:20.403119.csv
max_value_entropy,True,9.491111987000068,119.21484375,949.95703125,standard,52959e64,2023-02-23 11:25:20.403119,standard_52959e64_2023-02-23 11:25:20.403119.csv
meta_learning_with_rgpe,True,35.76298851899992,119.3984375,604.328125,standard,52959e64,2023-02-23 11:25:20.403119,standard_52959e64_2023-02-23 11:25:20.403119.csv
multi_fidelity_bo,True,116.90407836600002,119.3984375,1532.484375,standard,52959e64,2023-02-23 11:25:20.403119,standard_52959e64_2023-02-23 11:25:20.403119.csv
multi_objective_bo,True,425.42152474800014,119.3984375,622.296875,standard,52959e64,2023-02-23 11:25:20.403119,standard_52959e64_2023-02-23 11:25:20.403119.csv
one_shot_kg,True,12.064708354000231,119.3984375,1236.421875,standard,52959e64,2023-02-23 11:25:20.403119,standard_52959e64_2023-02-23 11:25:20.403119.csv
optimize_stochastic,True,3.212212844000078,119.3984375,543.12109375,standard,52959e64,2023-02-23 11:25:20.403119,standard_52959e64_2023-02-23 11:25:20.403119.csv
optimize_with_cmaes,True,3.5587453739999546,119.3984375,555.37890625,standard,52959e64,2023-02-23 11:25:20.403119,standard_52959e64_2023-02-23 11:25:20.403119.csv
preference_bo,False,,,,standard,52959e64,2023-02-23 11:25:20.403119,standard_52959e64_2023-02-23 11:25:20.403119.csv
risk_averse_bo_with_environmental_variables,True,155.8031146850003,119.3984375,1224.01953125,standard,52959e64,2023-02-23 11:25:20.403119,standard_52959e64_2023-02-23 11:25:20.403119.csv
risk_averse_bo_with_input_perturbations,True,201.77127872200023,119.3984375,1455.515625,standard,52959e64,2023-02-23 11:25:20.403119,standard_52959e64_2023-02-23 11:25:20.403119.csv
robust_multi_objective_bo,True,80.16731985999968,120.796875,689.2890625,standard,52959e64,2023-02-23 11:25:20.403119,standard_52959e64_2023-02-23 11:25:20.403119.csv
saasbo,False,,,,standard,52959e64,2023-02-23 11:25:20.403119,standard_52959e64_2023-02-23 11:25:20.403119.csv
scalable_constrained_bo,False,,,,standard,52959e64,2023-02-23 11:25:20.403119,standard_52959e64_2023-02-23 11:25:20.403119.csv
thompson_sampling,False,,,,standard,52959e64,2023-02-23 11:25:20.403119,standard_52959e64_2023-02-23 11:25:20.403119.csv
turbo_1,True,171.58262729499984,122.296875,2415.33203125,standard,52959e64,2023-02-23 11:25:20.403119,standard_52959e64_2023-02-23 11:25:20.403119.csv
vae_mnist,False,,,,standard,52959e64,2023-02-23 11:25:20.403119,standard_52959e64_2023-02-23 11:25:20.403119.csv
GIBBON_for_efficient_batch_entropy_search,True,19.922902409000017,113.46875,1189.60546875,standard,7e9fb1b8,2023-02-24 11:55:29.889790,standard_7e9fb1b8_2023-02-24 11:55:29.889790.csv
Multi_objective_multi_fidelity_BO,False,,,,standard,7e9fb1b8,2023-02-24 11:55:29.889790,standard_7e9fb1b8_2023-02-24 11:55:29.889790.csv
batch_mode_cross_validation,True,4.253599175999966,115.23046875,549.7109375,standard,7e9fb1b8,2023-02-24 11:55:29.889790,standard_7e9fb1b8_2023-02-24 11:55:29.889790.csv
bo_with_warped_gp,True,453.8846401889999,115.75,599.625,standard,7e9fb1b8,2023-02-24 11:55:29.889790,standard_7e9fb1b8_2023-02-24 11:55:29.889790.csv
bope,False,,,,standard,7e9fb1b8,2023-02-24 11:55:29.889790,standard_7e9fb1b8_2023-02-24 11:55:29.889790.csv
closed_loop_botorch_only,True,580.3255179399999,115.75,617.640625,standard,7e9fb1b8,2023-02-24 11:55:29.889790,standard_7e9fb1b8_2023-02-24 11:55:29.889790.csv
compare_mc_analytic_acquisition,True,6.4386914259998775,116.29296875,528.58984375,standard,7e9fb1b8,2023-02-24 11:55:29.889790,standard_7e9fb1b8_2023-02-24 11:55:29.889790.csv
composite_bo_with_hogp,True,376.606980715,116.29296875,2380.87890625,standard,7e9fb1b8,2023-02-24 11:55:29.889790,standard_7e9fb1b8_2023-02-24 11:55:29.889790.csv
composite_mtbo,False,,,,standard,7e9fb1b8,2023-02-24 11:55:29.889790,standard_7e9fb1b8_2023-02-24 11:55:29.889790.csv
constrained_multi_objective_bo,True,372.32594334400005,116.9140625,567.92578125,standard,7e9fb1b8,2023-02-24 11:55:29.889790,standard_7e9fb1b8_2023-02-24 11:55:29.889790.csv
constraint_active_search,False,,,,standard,7e9fb1b8,2023-02-24 11:55:29.889790,standard_7e9fb1b8_2023-02-24 11:55:29.889790.csv
custom_acquisition,True,35.15724140800012,116.6640625,907.4453125,standard,7e9fb1b8,2023-02-24 11:55:29.889790,standard_7e9fb1b8_2023-02-24 11:55:29.889790.csv
custom_botorch_model_in_ax,True,89.52854327100022,117.203125,996.04296875,standard,7e9fb1b8,2023-02-24 11:55:29.889790,standard_7e9fb1b8_2023-02-24 11:55:29.889790.csv
discrete_multi_fidelity_bo,True,531.7465225280002,117.203125,1829.03515625,standard,7e9fb1b8,2023-02-24 11:55:29.889790,standard_7e9fb1b8_2023-02-24 11:55:29.889790.csv
fit_model_with_torch_optimizer,True,4.912150745999952,117.703125,556.140625,standard,7e9fb1b8,2023-02-24 11:55:29.889790,standard_7e9fb1b8_2023-02-24 11:55:29.889790.csv
information_theoretic_acquisition_functions,True,248.9463353000001,118.703125,1773.80078125,standard,7e9fb1b8,2023-02-24 11:55:29.889790,standard_7e9fb1b8_2023-02-24 11:55:29.889790.csv
max_value_entropy,True,13.667569213000206,118.203125,949.80859375,standard,7e9fb1b8,2023-02-24 11:55:29.889790,standard_7e9fb1b8_2023-02-24 11:55:29.889790.csv
meta_learning_with_rgpe,True,55.764840380999885,118.203125,600.953125,standard,7e9fb1b8,2023-02-24 11:55:29.889790,standard_7e9fb1b8_2023-02-24 11:55:29.889790.csv
multi_fidelity_bo,True,183.7662063180001,118.203125,1763.51171875,standard,7e9fb1b8,2023-02-24 11:55:29.889790,standard_7e9fb1b8_2023-02-24 11:55:29.889790.csv
multi_objective_bo,True,685.7204519360002,118.203125,624.55078125,standard,7e9fb1b8,2023-02-24 11:55:29.889790,standard_7e9fb1b8_2023-02-24 11:55:29.889790.csv
one_shot_kg,True,23.828063691999887,118.26171875,1060.51171875,standard,7e9fb1b8,2023-02-24 11:55:29.889790,standard_7e9fb1b8_2023-02-24 11:55:29.889790.csv
optimize_stochastic,True,4.361412912000105,118.26171875,541.33984375,standard,7e9fb1b8,2023-02-24 11:55:29.889790,standard_7e9fb1b8_2023-02-24 11:55:29.889790.csv
optimize_with_cmaes,True,5.825412478000089,118.453125,554.94921875,standard,7e9fb1b8,2023-02-24 11:55:29.889790,standard_7e9fb1b8_2023-02-24 11:55:29.889790.csv
preference_bo,False,,,,standard,7e9fb1b8,2023-02-24 11:55:29.889790,standard_7e9fb1b8_2023-02-24 11:55:29.889790.csv
risk_averse_bo_with_environmental_variables,True,299.00463764000006,118.953125,1160.96484375,standard,7e9fb1b8,2023-02-24 11:55:29.889790,standard_7e9fb1b8_2023-02-24 11:55:29.889790.csv
risk_averse_bo_with_input_perturbations,True,231.17584010799965,118.953125,1003.06640625,standard,7e9fb1b8,2023-02-24 11:55:29.889790,standard_7e9fb1b8_2023-02-24 11:55:29.889790.csv
robust_multi_objective_bo,True,154.08865440699992,121.06640625,685.6953125,standard,7e9fb1b8,2023-02-24 11:55:29.889790,standard_7e9fb1b8_2023-02-24 11:55:29.889790.csv
saasbo,False,,,,standard,7e9fb1b8,2023-02-24 11:55:29.889790,standard_7e9fb1b8_2023-02-24 11:55:29.889790.csv
scalable_constrained_bo,False,,,,standard,7e9fb1b8,2023-02-24 11:55:29.889790,standard_7e9fb1b8_2023-02-24 11:55:29.889790.csv
thompson_sampling,False,,,,standard,7e9fb1b8,2023-02-24 11:55:29.889790,standard_7e9fb1b8_2023-02-24 11:55:29.889790.csv
turbo_1,True,237.59187403799933,121.8125,2050.85546875,standard,7e9fb1b8,2023-02-24 11:55:29.889790,standard_7e9fb1b8_2023-02-24 11:55:29.889790.csv
vae_mnist,False,,,,standard,7e9fb1b8,2023-02-24 11:55:29.889790,standard_7e9fb1b8_2023-02-24 11:55:29.889790.csv
GIBBON_for_efficient_batch_entropy_search,True,15.160397998999995,113.66015625,1192.234375,standard,587885de,2023-02-25 11:27:33.905478,standard_587885de_2023-02-25 11:27:33.905478.csv
Multi_objective_multi_fidelity_BO,False,,,,standard,587885de,2023-02-25 11:27:33.905478,standard_587885de_2023-02-25 11:27:33.905478.csv
batch_mode_cross_validation,True,3.240537681000035,115.484375,552.72265625,standard,587885de,2023-02-25 11:27:33.905478,standard_587885de_2023-02-25 11:27:33.905478.csv
bo_with_warped_gp,True,301.885133856,115.984375,611.9609375,standard,587885de,2023-02-25 11:27:33.905478,standard_587885de_2023-02-25 11:27:33.905478.csv
bope,False,,,,standard,587885de,2023-02-25 11:27:33.905478,standard_587885de_2023-02-25 11:27:33.905478.csv
closed_loop_botorch_only,True,451.94725008699993,116.234375,600.96875,standard,587885de,2023-02-25 11:27:33.905478,standard_587885de_2023-02-25 11:27:33.905478.csv
compare_mc_analytic_acquisition,True,5.715511911000021,116.77734375,529.94921875,standard,587885de,2023-02-25 11:27:33.905478,standard_587885de_2023-02-25 11:27:33.905478.csv
composite_bo_with_hogp,True,254.80395996899983,116.984375,6291.78125,standard,587885de,2023-02-25 11:27:33.905478,standard_587885de_2023-02-25 11:27:33.905478.csv
composite_mtbo,False,,,,standard,587885de,2023-02-25 11:27:33.905478,standard_587885de_2023-02-25 11:27:33.905478.csv
constrained_multi_objective_bo,True,199.7166553369998,100.4140625,565.68359375,standard,587885de,2023-02-25 11:27:33.905478,standard_587885de_2023-02-25 11:27:33.905478.csv
constraint_active_search,False,,,,standard,587885de,2023-02-25 11:27:33.905478,standard_587885de_2023-02-25 11:27:33.905478.csv
custom_acquisition,True,25.027208738000127,101.71875,900.6796875,standard,587885de,2023-02-25 11:27:33.905478,standard_587885de_2023-02-25 11:27:33.905478.csv
custom_botorch_model_in_ax,True,63.75615078200008,102.26171875,966.40625,standard,587885de,2023-02-25 11:27:33.905478,standard_587885de_2023-02-25 11:27:33.905478.csv
discrete_multi_fidelity_bo,True,338.2655629420001,102.26171875,1769.671875,standard,587885de,2023-02-25 11:27:33.905478,standard_587885de_2023-02-25 11:27:33.905478.csv
fit_model_with_torch_optimizer,True,3.5808947660000285,102.76171875,537.203125,standard,587885de,2023-02-25 11:27:33.905478,standard_587885de_2023-02-25 11:27:33.905478.csv
information_theoretic_acquisition_functions,True,176.5220898040002,103.51171875,1740.64453125,standard,587885de,2023-02-25 11:27:33.905478,standard_587885de_2023-02-25 11:27:33.905478.csv
max_value_entropy,True,9.634607117000089,103.52734375,925.54296875,standard,587885de,2023-02-25 11:27:33.905478,standard_587885de_2023-02-25 11:27:33.905478.csv
meta_learning_with_rgpe,True,35.7721260899998,103.52734375,579.1328125,standard,587885de,2023-02-25 11:27:33.905478,standard_587885de_2023-02-25 11:27:33.905478.csv
multi_fidelity_bo,True,120.92987270699996,103.52734375,1556.67578125,standard,587885de,2023-02-25 11:27:33.905478,standard_587885de_2023-02-25 11:27:33.905478.csv
multi_objective_bo,True,426.05313069600015,103.52734375,597.140625,standard,587885de,2023-02-25 11:27:33.905478,standard_587885de_2023-02-25 11:27:33.905478.csv
one_shot_kg,True,13.40894642100011,103.52734375,1299.22265625,standard,587885de,2023-02-25 11:27:33.905478,standard_587885de_2023-02-25 11:27:33.905478.csv
optimize_stochastic,True,3.2294700140000714,103.52734375,525.3984375,standard,587885de,2023-02-25 11:27:33.905478,standard_587885de_2023-02-25 11:27:33.905478.csv
optimize_with_cmaes,True,3.9971202669999,103.52734375,532.65625,standard,587885de,2023-02-25 11:27:33.905478,standard_587885de_2023-02-25 11:27:33.905478.csv
preference_bo,False,,,,standard,587885de,2023-02-25 11:27:33.905478,standard_587885de_2023-02-25 11:27:33.905478.csv
risk_averse_bo_with_environmental_variables,True,155.84439496899995,103.77734375,1185.859375,standard,587885de,2023-02-25 11:27:33.905478,standard_587885de_2023-02-25 11:27:33.905478.csv
risk_averse_bo_with_input_perturbations,True,179.76782421999997,103.77734375,1298.05078125,standard,587885de,2023-02-25 11:27:33.905478,standard_587885de_2023-02-25 11:27:33.905478.csv
robust_multi_objective_bo,True,84.84243517699997,105.8828125,670.47265625,standard,587885de,2023-02-25 11:27:33.905478,standard_587885de_2023-02-25 11:27:33.905478.csv
saasbo,False,,,,standard,587885de,2023-02-25 11:27:33.905478,standard_587885de_2023-02-25 11:27:33.905478.csv
scalable_constrained_bo,False,,,,standard,587885de,2023-02-25 11:27:33.905478,standard_587885de_2023-02-25 11:27:33.905478.csv
thompson_sampling,False,,,,standard,587885de,2023-02-25 11:27:33.905478,standard_587885de_2023-02-25 11:27:33.905478.csv
turbo_1,True,172.39331968700026,106.6328125,1969.265625,standard,587885de,2023-02-25 11:27:33.905478,standard_587885de_2023-02-25 11:27:33.905478.csv
vae_mnist,False,,,,standard,587885de,2023-02-25 11:27:33.905478,standard_587885de_2023-02-25 11:27:33.905478.csv
GIBBON_for_efficient_batch_entropy_search,True,15.619258299000023,114.14453125,1193.2109375,standard,587885de,2023-02-26 11:31:29.710938,standard_587885de_2023-02-26 11:31:29.710938.csv
Multi_objective_multi_fidelity_BO,False,,,,standard,587885de,2023-02-26 11:31:29.710938,standard_587885de_2023-02-26 11:31:29.710938.csv
batch_mode_cross_validation,True,3.5135505240000384,115.68359375,554.953125,standard,587885de,2023-02-26 11:31:29.710938,standard_587885de_2023-02-26 11:31:29.710938.csv
bo_with_warped_gp,True,321.009331053,116.171875,616.3125,standard,587885de,2023-02-26 11:31:29.710938,standard_587885de_2023-02-26 11:31:29.710938.csv
bope,False,,,,standard,587885de,2023-02-26 11:31:29.710938,standard_587885de_2023-02-26 11:31:29.710938.csv
closed_loop_botorch_only,True,443.080494981,116.171875,602.1015625,standard,587885de,2023-02-26 11:31:29.710938,standard_587885de_2023-02-26 11:31:29.710938.csv
compare_mc_analytic_acquisition,True,4.688543882999966,116.71484375,530.70703125,standard,587885de,2023-02-26 11:31:29.710938,standard_587885de_2023-02-26 11:31:29.710938.csv
composite_bo_with_hogp,True,287.187384113,116.71484375,6329.61328125,standard,587885de,2023-02-26 11:31:29.710938,standard_587885de_2023-02-26 11:31:29.710938.csv
composite_mtbo,False,,,,standard,587885de,2023-02-26 11:31:29.710938,standard_587885de_2023-02-26 11:31:29.710938.csv
constrained_multi_objective_bo,True,223.44751865199987,41.12109375,451.0390625,standard,587885de,2023-02-26 11:31:29.710938,standard_587885de_2023-02-26 11:31:29.710938.csv
constraint_active_search,False,,,,standard,587885de,2023-02-26 11:31:29.710938,standard_587885de_2023-02-26 11:31:29.710938.csv
custom_acquisition,True,24.152009361999944,91.265625,882.265625,standard,587885de,2023-02-26 11:31:29.710938,standard_587885de_2023-02-26 11:31:29.710938.csv
custom_botorch_model_in_ax,True,66.85223033700004,92.20703125,949.41796875,standard,587885de,2023-02-26 11:31:29.710938,standard_587885de_2023-02-26 11:31:29.710938.csv
discrete_multi_fidelity_bo,True,357.7273149570001,92.20703125,1744.28515625,standard,587885de,2023-02-26 11:31:29.710938,standard_587885de_2023-02-26 11:31:29.710938.csv
fit_model_with_torch_optimizer,True,3.8715738480000255,92.71484375,518.40625,standard,587885de,2023-02-26 11:31:29.710938,standard_587885de_2023-02-26 11:31:29.710938.csv
information_theoretic_acquisition_functions,True,185.6486095120001,93.46484375,1681.86328125,standard,587885de,2023-02-26 11:31:29.710938,standard_587885de_2023-02-26 11:31:29.710938.csv
max_value_entropy,True,10.277759289000189,93.23046875,843.12890625,standard,587885de,2023-02-26 11:31:29.710938,standard_587885de_2023-02-26 11:31:29.710938.csv
meta_learning_with_rgpe,True,39.51970843900017,93.23046875,568.24609375,standard,587885de,2023-02-26 11:31:29.710938,standard_587885de_2023-02-26 11:31:29.710938.csv
multi_fidelity_bo,True,131.25879364599996,93.2890625,1534.62890625,standard,587885de,2023-02-26 11:31:29.710938,standard_587885de_2023-02-26 11:31:29.710938.csv
multi_objective_bo,True,450.796716242,93.2890625,563.74609375,standard,587885de,2023-02-26 11:31:29.710938,standard_587885de_2023-02-26 11:31:29.710938.csv
one_shot_kg,True,15.591792548000283,93.2890625,1118.84765625,standard,587885de,2023-02-26 11:31:29.710938,standard_587885de_2023-02-26 11:31:29.710938.csv
optimize_stochastic,True,3.5336060219997307,93.2890625,502.5859375,standard,587885de,2023-02-26 11:31:29.710938,standard_587885de_2023-02-26 11:31:29.710938.csv
optimize_with_cmaes,True,4.369684819999748,93.2890625,514.5859375,standard,587885de,2023-02-26 11:31:29.710938,standard_587885de_2023-02-26 11:31:29.710938.csv
preference_bo,False,,,,standard,587885de,2023-02-26 11:31:29.710938,standard_587885de_2023-02-26 11:31:29.710938.csv
risk_averse_bo_with_environmental_variables,True,177.28403559199978,93.7890625,1121.58203125,standard,587885de,2023-02-26 11:31:29.710938,standard_587885de_2023-02-26 11:31:29.710938.csv
risk_averse_bo_with_input_perturbations,True,209.7489770050001,93.7890625,1323.14453125,standard,587885de,2023-02-26 11:31:29.710938,standard_587885de_2023-02-26 11:31:29.710938.csv
robust_multi_objective_bo,True,95.83575967200022,95.78125,730.87109375,standard,587885de,2023-02-26 11:31:29.710938,standard_587885de_2023-02-26 11:31:29.710938.csv
saasbo,False,,,,standard,587885de,2023-02-26 11:31:29.710938,standard_587885de_2023-02-26 11:31:29.710938.csv
scalable_constrained_bo,False,,,,standard,587885de,2023-02-26 11:31:29.710938,standard_587885de_2023-02-26 11:31:29.710938.csv
thompson_sampling,False,,,,standard,587885de,2023-02-26 11:31:29.710938,standard_587885de_2023-02-26 11:31:29.710938.csv
turbo_1,True,190.61680380000007,96.53125,1968.2734375,standard,587885de,2023-02-26 11:31:29.710938,standard_587885de_2023-02-26 11:31:29.710938.csv
vae_mnist,False,,,,standard,587885de,2023-02-26 11:31:29.710938,standard_587885de_2023-02-26 11:31:29.710938.csv
GIBBON_for_efficient_batch_entropy_search,True,16.169463037000014,114.0234375,1193.03515625,standard,587885de,2023-02-27 11:35:36.278266,standard_587885de_2023-02-27 11:35:36.278266.csv
Multi_objective_multi_fidelity_BO,False,,,,standard,587885de,2023-02-27 11:35:36.278266,standard_587885de_2023-02-27 11:35:36.278266.csv
batch_mode_cross_validation,True,3.447465264000016,115.8203125,553.359375,standard,587885de,2023-02-27 11:35:36.278266,standard_587885de_2023-02-27 11:35:36.278266.csv
bo_with_warped_gp,True,325.715735018,116.33203125,610.90234375,standard,587885de,2023-02-27 11:35:36.278266,standard_587885de_2023-02-27 11:35:36.278266.csv
bope,False,,,,standard,587885de,2023-02-27 11:35:36.278266,standard_587885de_2023-02-27 11:35:36.278266.csv
closed_loop_botorch_only,True,458.3813008719999,116.33203125,604.6171875,standard,587885de,2023-02-27 11:35:36.278266,standard_587885de_2023-02-27 11:35:36.278266.csv
compare_mc_analytic_acquisition,True,4.305477977999999,116.8828125,530.140625,standard,587885de,2023-02-27 11:35:36.278266,standard_587885de_2023-02-27 11:35:36.278266.csv
composite_bo_with_hogp,True,289.3178804769998,117.08203125,5744.08984375,standard,587885de,2023-02-27 11:35:36.278266,standard_587885de_2023-02-27 11:35:36.278266.csv
composite_mtbo,False,,,,standard,587885de,2023-02-27 11:35:36.278266,standard_587885de_2023-02-27 11:35:36.278266.csv
constrained_multi_objective_bo,True,241.4557108660001,115.140625,580.08203125,standard,587885de,2023-02-27 11:35:36.278266,standard_587885de_2023-02-27 11:35:36.278266.csv
constraint_active_search,False,,,,standard,587885de,2023-02-27 11:35:36.278266,standard_587885de_2023-02-27 11:35:36.278266.csv
custom_acquisition,True,26.830374270999982,115.140625,896.796875,standard,587885de,2023-02-27 11:35:36.278266,standard_587885de_2023-02-27 11:35:36.278266.csv
custom_botorch_model_in_ax,True,67.2846770980002,115.67578125,985.71875,standard,587885de,2023-02-27 11:35:36.278266,standard_587885de_2023-02-27 11:35:36.278266.csv
discrete_multi_fidelity_bo,True,403.68326931800016,115.67578125,1878.55078125,standard,587885de,2023-02-27 11:35:36.278266,standard_587885de_2023-02-27 11:35:36.278266.csv
fit_model_with_torch_optimizer,True,3.888760741999704,116.17578125,555.6953125,standard,587885de,2023-02-27 11:35:36.278266,standard_587885de_2023-02-27 11:35:36.278266.csv
information_theoretic_acquisition_functions,True,188.99061589699977,116.92578125,1727.34375,standard,587885de,2023-02-27 11:35:36.278266,standard_587885de_2023-02-27 11:35:36.278266.csv
max_value_entropy,True,10.09590725399994,116.67578125,882.171875,standard,587885de,2023-02-27 11:35:36.278266,standard_587885de_2023-02-27 11:35:36.278266.csv
meta_learning_with_rgpe,True,39.50143405400013,116.67578125,597.9140625,standard,587885de,2023-02-27 11:35:36.278266,standard_587885de_2023-02-27 11:35:36.278266.csv
multi_fidelity_bo,True,131.5317556509999,116.67578125,1692.05078125,standard,587885de,2023-02-27 11:35:36.278266,standard_587885de_2023-02-27 11:35:36.278266.csv
multi_objective_bo,True,456.2334762639998,116.67578125,599.1875,standard,587885de,2023-02-27 11:35:36.278266,standard_587885de_2023-02-27 11:35:36.278266.csv
one_shot_kg,True,12.198498890999872,116.67578125,1175.5546875,standard,587885de,2023-02-27 11:35:36.278266,standard_587885de_2023-02-27 11:35:36.278266.csv
optimize_stochastic,True,3.5060453630003394,116.67578125,539.515625,standard,587885de,2023-02-27 11:35:36.278266,standard_587885de_2023-02-27 11:35:36.278266.csv
optimize_with_cmaes,True,4.759607943999981,116.67578125,551.625,standard,587885de,2023-02-27 11:35:36.278266,standard_587885de_2023-02-27 11:35:36.278266.csv
preference_bo,False,,,,standard,587885de,2023-02-27 11:35:36.278266,standard_587885de_2023-02-27 11:35:36.278266.csv
risk_averse_bo_with_environmental_variables,True,242.34766001200023,117.17578125,1255.3125,standard,587885de,2023-02-27 11:35:36.278266,standard_587885de_2023-02-27 11:35:36.278266.csv
risk_averse_bo_with_input_perturbations,True,202.97774366799968,117.17578125,1291.46875,standard,587885de,2023-02-27 11:35:36.278266,standard_587885de_2023-02-27 11:35:36.278266.csv
robust_multi_objective_bo,True,95.5836994819997,119.33203125,700.31640625,standard,587885de,2023-02-27 11:35:36.278266,standard_587885de_2023-02-27 11:35:36.278266.csv
saasbo,False,,,,standard,587885de,2023-02-27 11:35:36.278266,standard_587885de_2023-02-27 11:35:36.278266.csv
scalable_constrained_bo,False,,,,standard,587885de,2023-02-27 11:35:36.278266,standard_587885de_2023-02-27 11:35:36.278266.csv
thompson_sampling,False,,,,standard,587885de,2023-02-27 11:35:36.278266,standard_587885de_2023-02-27 11:35:36.278266.csv
turbo_1,True,193.61995447799973,120.08203125,1999.93359375,standard,587885de,2023-02-27 11:35:36.278266,standard_587885de_2023-02-27 11:35:36.278266.csv
vae_mnist,False,,,,standard,587885de,2023-02-27 11:35:36.278266,standard_587885de_2023-02-27 11:35:36.278266.csv
